pcf_id,ingram_part,description,vendor_name,vendor_part,customer_price,available_qty,category,subcategory,api_status,mayorista,lista,stock_pcf,stock_raw,nombre_pcf,precio_normal,precio_oferta,ficha_vacia,stock_detail,error,catalog_provider
38655,100002242.0,"Zebra ZD510-HC - Impresora de etiquetas - térmica directa - Rollo (3,02 cm) - 300 ppp - hasta 102 mm/segundo - USB 2.0, LAN, host USB",nan,ZD51013-D01E00FZ,419.9,20,nan,Physical,ok,True,1,5,5,Rotuladora Etiquetadora de pulseras ZD510-HC,0,0,False,{},,ingram
20281,100000226.0,Zebra LI2208 - Escáner de código de barras - PDA - creador de imágenes lineal - 547 exploraciones / segundo - descodificado - USB,nan,LI2208-SR7U2100SGW,68.2,20,nan,Physical,ok,True,1,22,22,Lector de Barra BLACK W/STAND USB,0,0,False,{},,ingram
55825,100002551.0,"ZEBRA ZD230 Thermal Transfer Printer (74/300M); Standard EZPL, 203 dpi, US Power Cord, USB, Ethernet",nan,ZD23042-301C00EZ,281.2,20,nan,Physical,ok,True,1,100,+100,Impresora POS ZD230,0,0,False,{},,ingram
55362,100002627.0,"ZEBRA ZT411 TT Printer, 203 dpi, US Cord, Serial, USB, 10/100 Ethernet, Bluetooth 4.1/MFi, USB Host, EZPL",nan,ZT41142-T010000Z,979.0,12,nan,Physical,ok,True,1,50,+50,Impresora de Etiquetas ZT411,0,0,False,{},,ingram
55365,100002614.0,Zebra DS9308SR BLK 2D USB KIT DS9308SR00004ZZWW ALAMBRICO,nan,DS9308-SR4U2100AZW,133.4,11,nan,Physical,ok,True,1,20,20,Lector de Barra DS9308,0,0,False,{},,ingram
56087,100015642.0,"ZEBRA ZD421 Thermal Transfer Printer (74/300M); 203 dpi, USB, USB Host, Ethernet, BTLE5, US Cord, Swiss Font, EZPL",nan,ZD4A042-301E00EZ,341.7,7,nan,Physical,ok,True,1,50,+50,Impresora POS ZD421,0,0,False,{},,ingram
55364,100015605.0,ZEBRA ZD421Thermal Transfer Printer (74/300M) 203 dpi USB USB Host Modular Connectivity Slot BTLE5 US Cord Swiss Font EZPL - 6 inches/152 mm,nan,ZD4A042-301M00EZ,319.5,20,nan,Physical,ok,True,1,30,+30,Impresora de Etiquetas ZD421,0,0,False,{},,ingram
55822,100016880.0,"ZEBRA ZT231 TT Printer ; 4"", 203 dpi, Thermal Transfer, Tear, US Cord, USB, Serial, Ethernet, BTLE, USB Host, EZPL",nan,ZT23142-T01000FZ,738.8,20,nan,Physical,ok,True,1,28,28,Impresora POS ZT231,0,0,False,{},,ingram
49677,100017132.0,"Epson - TM-T88VII - Impresora de recibos - Monocromo - Línea térmica - Rollo (7,95 cm) - 180 ppp - 500 mm/segundo - Wi-Fi / USB / LAN / Serial",nan,C31CJ57012,313.7,1,nan,Physical,ok,True,1,15,15,Impresora POS Térmica TM-T88VII  USB / Ethernet,0,0,False,{},,ingram
55823,100017963.0,Zebra - Funda protectora PDA,nan,SG-TC2L-BOOT-01,49.0,20,nan,Physical,ok,True,1,23,23,Protector para Lector de códigos TC22/ TC27,0,0,False,{},,ingram
56093,100018880.0,POLY - TC10 Touch Controller,nan,875K5AA,692.66,11,nan,Physical,ok,True,1,2,2,Control táctil Poly TC10,0,0,False,{},,ingram
40843,nan,"Kensington High Speed HDMI Cable with Ethernet, 6ft - Alta velocidad - cable HDMI con Ethernet - HDMI macho a HDMI macho - 1.83 m - negro - compatibilidad con 4K",nan,K33020WW,6.1,2,nan,Physical,ok,True,1,18,18,Cable HDMI/HDMI 2.0 de 1.8 metros,0,0,False,{},,
56170,nan,ASUS - TUF GAMING LC III 360 ARGB LCD,nan,90RC01A1-B0AAY0,140.3,20,nan,Physical,ok,True,1,30,+30,Refrigeración Líquida TUF Gaming LC III 360 ARGB LCD,0,0,False,{},,ingram
55614,nan,Motorola - Battery charger - Lithium - Para Universal - Turbo Power 68W,nan,PG38C06298,25.2,20,nan,Physical,ok,True,1,100,+100,Cargador Turbo Power 68W Negro Motorola,0,0,False,{},,ingram
19959,nan,"Kensington Universal - Funda con tapa para tableta - negro - 10""",nan,K97328WW,11.1,20,nan,Physical,ok,True,1,50,+50,"Funda Universal Negra para Tablet de 9 y 10""",0,0,False,{},,ingram
51033,nan,Kensington - MicroSaver®2.0 - Candado con llave - Candado de doble cabezal - Llaves entregadas: 2 piezas - Largo: 2.40 mts - Conectividad T Bar - Color: negro. plata,nan,K65048WW,32.2,20,nan,Physical,ok,True,1,28,28,"Cable MicroSaver® 2.0 Twin para notebook 2,4mts",0,0,False,{},,ingram
32886,nan,Kensington MicroSaver 2.0 Keyed Laptop Lock - Cable de seguridad - plata,nan,K65035AM,18.6,20,nan,Physical,ok,True,1,30,+30,"Candado Notebook MicroSaver® 2.0 con llave 1,8mts",0,0,False,{},,ingram
54911,nan,Kensington Slim N17 Combination Laptop Lock for Wedge-Shaped Slot - Bloqueo de cable de seguridad,nan,K68008WW,28.5,20,nan,Physical,ok,True,1,3,3,Cable de Seguridad N17 K68008WW,0,0,False,{},,ingram
52199,nan,Kensington Slim NanoSaver 2.0 Keyed Laptop Lock - Bloqueo de cable de seguridad - 1.8 m,nan,K65021WW,23.7,20,nan,Physical,ok,True,1,12,12,Cable de Seguridad NanoSaver™ SLIM para ultrabook 2.0,0,0,False,{},,ingram
52200,nan,Kensington Slim NanoSaver 2.0 Portable Keyed Laptop Lock - Bloqueo de cable de seguridad - 1.8 m,nan,K65025WW,23.7,20,nan,Physical,ok,True,1,50,+50,Cable de Seguridad NanoSaver™ SLIM portátil para ultrabook 2.0,0,0,False,{},,ingram
40938,nan,Kensington - Monitor stand,nan,K58300WW,26.3,13,nan,Physical,ok,True,1,14,14,"Base para Monitor con organización Space Saving hasta 27""",0,0,False,{},,ingram
6255,nan,KNS Apoya Muñecas para Teclado Foam - Negro,nan,K62383,8.8,20,nan,Physical,ok,True,1,100,+100,Apoya muñecas Foam Negro ,0,0,False,{},,ingram
55040,nan,ASUS - Carrying backpack - AP4600 Bag,nan,90XB08L0-BBP050,16.8,20,nan,Physical,ok,True,1,100,+100,Mochila AP4600 para Notebook 16“ Gris,0,0,False,{},,ingram
55826,nan,Lenovo - Docking station - Docking station stand - Lenovo Dual Display Dock IT Tr,nan,40B90100IT,82.1,20,nan,Physical,ok,True,1,17,17,Docking station USB-C Dual Display Travel,0,0,False,{},,ingram
19885,nan,"Kensington Everest Dotted - Mochila para transporte de portátil - 15.6""",nan,K62598CL,25.1,14,nan,Physical,ok,True,1,9,9,"Mochila Everest 15,6""",0,0,False,{},,ingram
55811,nan,Lenovo - Keyboard and mouse pad,nan,4X31S04857,37.6,20,nan,Physical,ok,True,1,100,+100,Combo Teclado + Mouse Inalámbrico Multi-Mode Pro 6000 - Negro,0,0,False,{},,ingram
53355,nan,"Kensington SmartFit Easy Riser - Almohadilla refrigerante para portátil - 14"" - negro",nan,K50423WW,16.9,20,nan,Physical,ok,True,1,30,+30,"Base para Notebook Easy Riser SmartFit 2.0 hasta 14"" - Negro",0,0,False,{},,ingram
38998,nan,Kensington - Carrying backpack - mochila acolchada,nan,K68402WW,15.6,20,nan,Physical,ok,True,1,30,+30,"Mochila Notebook SP25 2.0 14""-15,6"" ",0,0,False,{},,ingram
52303,nan,Kensington UH1400p - Estación de conexión - USB-C 3.2 Gen 1 - HDMI,nan,K33820WW,72.6,3,nan,Physical,ok,True,1,30,+30,Docking Station UH1400P USB-C 4K ,0,0,False,{},,ingram
23136,nan,"Brother DK-1209 - Papel - blanco - 28.9 x 62 mm 800 etiquetas de direcciones - para Brother QL-1050, 1060, 1100, 1110, 500, 550, 570, 580, 650, 700, 710, 720, 800, 810, 820",nan,DK1209,12.9,20,nan,Physical,ok,True,1,50,+50,Cinta blanca-Texto negro  DK-1209 62mm / 29mm 800 etiquetas (Ancho / Largo),0,0,False,{},,ingram
27246,nan,"Brother - Rollo (1,2 cm x 8 m) cinta no laminada - para Brother PT-45; P-Touch PT-100, 110, 45, 55, 65, 70, 80, 85, 90, M95",nan,M231,7.3,20,nan,Physical,ok,True,1,100,+100,Cinta blanca-Texto negro M-231 12mm / 8mm (Ancho / Largo) ,0,0,False,{},,ingram
42553,nan,"Epson T555 - Photo Negro - original - recarga de tinta - para EcoTank L8160, L8180",nan,T555120-AL,18.5,20,nan,Physical,ok,True,1,100,+100,Botella de Tinta Original Epson T555120-AL Negro Fotográfico,0,0,False,{},,ingram
42554,nan,"Epson T555 - Cián - original - recarga de tinta - para EcoTank L8160, L8180",nan,T555220-AL,18.5,20,nan,Physical,ok,True,1,100,+100,Botella de Tinta Original Epson T555220-AL Cyan,0,0,False,{},,ingram
42556,nan,"Epson T555 - Amarillo - original - recarga de tinta - para EcoTank L8160, L8180",nan,T555420-AL,18.5,20,nan,Physical,ok,True,1,100,+100,Botella de Tinta Original Epson T555420-AL Amarillo,0,0,False,{},,ingram
42555,nan,"Epson T555 - Magenta - original - recarga de tinta - para EcoTank L8160, L8180",nan,T555320-AL,18.5,2,nan,Physical,ok,True,1,100,+100,Botella de Tinta Original Epson T555320-AL Magenta,0,0,False,{},,ingram
42557,nan,"Epson T555 - Gris foto - original - recarga de tinta - para EcoTank L8160, L8180",nan,T555520-AL,18.5,20,nan,Physical,ok,True,1,100,+100,Botella de Tinta Original Epson T555520-AL Gris,0,0,False,{},,ingram
49673,nan,"Epson SJIC41P-M - Magenta - original - blíster con alarmas de RF/acústica - cartucho de tinta - para ColorWorks CW-C4000, CW-C4000E (BK), CW-C4000E (MK)",nan,C13T52L320,25.2,1,nan,Physical,ok,True,1,3,3,Cartucho de Tinta Origina Epson SJIC41P-M Magenta,0,0,False,{},,ingram
49672,nan,"Epson SJIC41P-C - Cián - original - blíster con alarmas de RF/acústica - cartucho de tinta - para ColorWorks CW-C4000, CW-C4000E (BK), CW-C4000E (MK)",nan,C13T52L220,25.2,2,nan,Physical,ok,True,1,4,4,Cartucho de Tinta Origina Epson SJIC41P-C Cyan,0,0,False,{},,ingram
17101,nan,"Brother LC505C - Super High Yield - cián - original - cartucho de tinta - para Brother DCP-J100, DCP-J105, DCP-J200",nan,LC505C,9.4,8,nan,Physical,ok,True,1,6,6,Cartucho de Tinta Original Brother  LC505 Cyan,0,0,False,{},,
20552,nan,"Brother BT6001BK - Súper Alto Rendimiento - negro - original - recarga de tinta - para Brother DCP-T300, MFC-T800W",nan,BT6001BK,7.7,20,nan,Physical,ok,True,1,100,+100,Botella de Tinta Original Brother BT6001BK Negro,0,0,False,{},,ingram
35533,nan,"Brother DR411CL - Original - kit de tambor - para Brother HL-L8360CDW, MFC-L8900CDW",nan,DR411CL,135.6,17,nan,Physical,ok,True,1,50,+50,Tambor original Brother DR-411,0,0,False,{},,ingram
45889,nan,"Brother LC402XL - Alto rendimiento - cián - original - cartucho de tinta - para Brother MFC-J5340DW, MFC-J6540DW, MFC-J6940DW",nan,LC402XLCS,22.5,20,nan,Physical,ok,True,1,100,+100,Cartucho de Tinta Original Brother LC402XLCS Cyan,0,0,False,{},,ingram
53201,nan,"Brother - BTD100CMYK - Ink Bottle - Color (cyan, magenta, yellow, black) - Pack of 4 bottles",nan,BTD100CMYK,24.0,14,nan,Physical,ok,True,1,1,1,	Pack 4 Botellas de Tinta Original Brother BTD100CMYK 4 Colores,0,0,False,{},,ingram
13207,nan,"Epson T673 - Amarillo - original - recarga de tinta - para Epson L1800, L800, L805, L810, L850; EcoTank L1800",nan,T673420-AL,11.0,20,nan,Physical,ok,True,1,100,+100,Botella de Tinta Original Epson T673420-AL Amarillo ,0,0,False,{},,ingram
17308,nan,"Epson T7741 - 140 ml - negro - original - recarga de tinta - para Epson L1455, L605, L655, M100; EcoTank ET-4550, L1455, L606; WorkForce ET-16500, ET-4550",nan,T774120-AL,17.4,20,nan,Physical,ok,True,1,100,+100,Botella de Tinta Original Epson T774120-AL Negro,0,0,False,{},,ingram
13205,nan,"Epson T673 - Cián claro - original - recarga de tinta - para Epson L1800, L800, L805, L810, L850; EcoTank L1800",nan,T673520-AL,11.0,20,nan,Physical,ok,True,1,100,+100,Botella de Tinta Original Epson  T673520-AL Cyan Claro,0,0,False,{},,ingram
13204,nan,"Epson T673 - Magenta claro - original - recarga de tinta - para Epson L1800, L800, L805, L810, L850; EcoTank L1800",nan,T673620-AL,11.0,20,nan,Physical,ok,True,1,100,+100,Botella de Tinta Original Epson T673620-AL Magenta Claro ,0,0,False,{},,ingram
12949,nan,"Epson T664 - 70 ml - negro - recarga de tinta - para Epson L110, L200, L310, L380, L395, L495, L575, L606, L655, L656, L1300, L1455",nan,T664120-AL,7.0,20,nan,Physical,ok,True,1,100,+100,Botella de Tinta Original Epson T664120-AL Negro,0,0,False,{},,ingram
32649,nan,"Epson 748XXL - XL - cián - original - blíster con alarmas de RF/acústica - cartucho de tinta - para WorkForce Pro WF-6090, WF-6590, WF-8090, WF-8090 D3TWC, WF-8590, WF-8590 D3TWFC",nan,T748XXL220-AL,58.8,20,nan,Physical,ok,True,1,100,+100,Cartucho de Tinta Original Epson T748XXL220-AL Cyan,0,0,False,{},,ingram
32648,nan,"Epson 748XXL - XL - Negro - original - blíster con alarmas de RF/acústica - cartucho de tinta - para WorkForce Pro WF-6090, WF-8090, WF-8590",nan,T748XXL120-AL,46.4,20,nan,Physical,ok,True,1,100,+100,Cartucho de Tinta Original Epson T748XXL120-AL Negro,0,0,False,{},,ingram
33413,nan,"Epson T40W - 50 ml - gran capacidad - magenta - original - blíster con alarmas de RF/acústica - cartucho de tinta - para SureColor T2170, T3170, T3170M, T5170, T5170M",nan,T40W320,35.7,13,nan,Physical,ok,True,1,50,+50,Cartucho de Tinta Original Epson T40W 320 Magenta / 50ml,0,0,False,{},,ingram
33411,nan,"Epson T40W - 80 ml - gran capacidad - negro - original - blíster con alarmas de RF/acústica - cartucho de tinta - para SureColor T2170, T3170, T3170M, T5170, T5170M",nan,T40W120,49.4,20,nan,Physical,ok,True,1,50,+50,Tintas-Cartridge T40W120 Negro / 80ml,0,0,False,{},,ingram
33412,nan,"Epson T40W - 50 ml - gran capacidad - cián - original - blíster con alarmas de RF/acústica - cartucho de tinta - para SureColor T2170, T3170, T3170M, T5170, T5170M",nan,T40W220,35.7,20,nan,Physical,ok,True,1,50,+50,Cartucho de Tinta Original Epson T40W220 Cyan / 50ml,0,0,False,{},,ingram
34153,nan,"Epson - T534120-AL - 6,000 pag - Original - Negro - para Epson M1000, M1120, M1180, M2120, M2140, M2170, M3170, M3180",nan,T534120-AL,13.7,20,nan,Physical,ok,True,1,100,+100,Botella de Tinta Original Epson T534120-AL Negro,0,0,False,{},,ingram
33414,nan,"Epson T40W - 50 ml - gran capacidad - amarillo - original - blíster con alarmas de RF/acústica - cartucho de tinta - para SureColor T2170, T3170, T3170M, T5170, T5170M",nan,T40W420,35.7,20,nan,Physical,ok,True,1,50,+50,Cartucho de Tinta Original Epson T40W420 Amarillo / 50ml,0,0,False,{},,ingram
36562,nan,Epson - 206 - Ink cartridge - Cyan,nan,T206220-AL,12.4,20,nan,Physical,ok,True,1,50,+50,Cartucho de Tinta Original Epson T206220-AL Cyan,0,0,False,{},,ingram
54586,nan,Epson WorkForce - Ink cartridge - Black - C5310/90 & C5810/90,nan,T11B120-AL,47.1,2,nan,Physical,ok,True,1,100,+100,Bolsa de Tinta Epson T11B120-AL XL Negro,0,0,False,{},,ingram
49685,nan,Epson - T574520 - Ink refill - Yellow / Light cyan,nan,T574520-AL,8.6,3,nan,Physical,ok,True,1,100,+100,Botella de Tinta Original Epson T574520-AL Cyan Claro,0,0,False,{},,ingram
9007,nan,"HP 122 - Negro - original - cartucho de tinta - para Deskjet 1010, 10XX J410, 1512, 2050 J510, 2050A J510, 2054A J510, 25XX, Envy 4502",nan,CH561HL,14.3,20,nan,Physical,ok,True,1,100,+100,Cartucho de Tinta Original HP 122  Negro ,0,0,False,{},,ingram
9008,nan,"HP 122 - 1.5 ml - amarillo, cián, magenta - original - cartucho de tinta - para Deskjet 1000 J110, 10XX J410, 2050 J510, 2050A J510, 2054A J510, Ink Advantage 2060 K110",nan,CH562HL,17.3,20,nan,Physical,ok,True,1,100,+100,Cartucho de Tinta Original HP 122 Tricolor ,0,0,False,{},,ingram
25593,nan,HP 904XL - 4 ml - Alto rendimiento - amarillo - original - cartucho de tinta - para Officejet 69XX; Officejet Pro 69XX,nan,T6M12AL,30.5,10,nan,Physical,ok,True,1,27,27,Cartucho de Tinta Original HP 904 XL Amarillo,0,0,False,{},,ingram
25595,nan,HP 904XL - 4 ml - Alto rendimiento - cián - original - cartucho de tinta - para Officejet 69XX; Officejet Pro 69XX,nan,T6M04AL,30.5,1,nan,Physical,ok,True,1,30,+30,Cartucho de Tinta Original HP 904 XL Cyan ,0,0,False,{},,ingram
25594,nan,HP 904XL - 4 ml - Alto rendimiento - magenta - original - cartucho de tinta - para Officejet 69XX; Officejet Pro 69XX,nan,T6M08AL,30.6,5,nan,Physical,ok,True,1,30,+30,Cartucho de Tinta Original HP 904 XL Magenta ,0,0,False,{},,ingram
10599,nan,"HP 951 - 8 ml - magenta - original - cartucho de tinta - para Officejet Pro 251, 276, 8100, 8600, 8600 N911, 8610, 8615, 8616, 8620, 8625, 8630, 8640",nan,CN051AL,24.8,20,nan,Physical,ok,True,1,19,19,Cartucho de Tinta Original HP 951 Magenta ,0,0,False,{},,ingram
32856,nan,"HP 951XL - 17 ml - Alto rendimiento - amarillo - original - cartucho de tinta - para Officejet Pro 251dw, 276dw, 8100, 8600, 8600 N911a, 8610, 8615, 8620, 8625, 8630",nan,CN048AL,41.4,20,nan,Physical,ok,True,1,4,4,Cartucho de Tinta Original HP 951XL Amarillo ,0,0,False,{},,ingram
32857,nan,"HP 951XL - 17 ml - Alto rendimiento - magenta - original - cartucho de tinta - para Officejet Pro 251, 276, 8100, 8600, 8600 N911, 8610, 8615, 8616, 8620, 8625, 8630, 8640",nan,CN047AL,41.2,20,nan,Physical,ok,True,1,3,3,Cartucho de Tinta Original HP 951XL Magenta ,0,0,False,{},,ingram
12548,nan,"HP 662XL - Alto rendimiento - negro - original - Ink Advantage - cartucho de tinta - para Deskjet 1516, Ink Advantage 15XX, Ink Advantage 35XX, Ink Advantage 4645",nan,CZ105AL,24.7,1,nan,Physical,ok,True,1,100,+100,Cartucho de Tinta Original HP 662 XL Negro ,0,0,False,{},,ingram
11936,nan,"HP 670 - 14 ml - negro - original - Ink Advantage - cartucho de tinta - para Deskjet Ink Advantage 3525, Ink Advantage 46XX, Ink Advantage 5525, Ink Advantage 6525",nan,CZ113AL,11.7,20,nan,Physical,ok,True,1,25,25,Cartucho de Tinta Original HP 670 Negro ,0,0,False,{},,ingram
32854,nan,"HP 950XL - 53 ml - Alto rendimiento - negro - original - cartucho de tinta - para Officejet Pro 251dw, 276dw, 8100, 8600, 8610, 8620, 8630",nan,CN045AL,59.7,20,nan,Physical,ok,True,1,17,17,Cartucho de Tinta Original HP 950 XL Negro ,0,0,False,{},,ingram
11939,nan,"HP 670 - Amarillo - original - Ink Advantage - cartucho de tinta - para Deskjet Ink Advantage 3525, Ink Advantage 46XX, Ink Advantage 5525, Ink Advantage 6525",nan,CZ116AL,11.5,5,nan,Physical,ok,True,1,13,13,Cartucho de Tinta Original HP 670 Amarillo ,0,0,False,{},,ingram
21092,nan,HP - Ink cartridge - Tricolor - 664,nan,F6V28AL,10.7,20,nan,Physical,ok,True,1,100,+100,Cartucho de Tinta Original HP 664 Tricolor,0,0,False,{},,ingram
11938,nan,"HP 670 - Cián - original - Ink Advantage - cartucho de tinta - para Deskjet Ink Advantage 3525, Ink Advantage 46XX, Ink Advantage 5525, Ink Advantage 6525",nan,CZ114AL,11.6,2,nan,Physical,ok,True,1,28,28,Cartucho de Tinta Original HP 670 Cyan ,0,0,False,{},,ingram
11937,nan,"HP 670 - Magenta - original - Ink Advantage - cartucho de tinta - para Deskjet Ink Advantage 3525, Ink Advantage 46XX, Ink Advantage 5525, Ink Advantage 6525",nan,CZ115AL,11.7,2,nan,Physical,ok,True,1,15,15,Cartucho de Tinta Original HP 670 Magenta ,0,0,False,{},,ingram
23815,nan,HP - 974X - Ink cartridge - Cyan,nan,L0R99AL,157.1,20,nan,Physical,ok,True,1,8,8,Tintas-Cartridge L0R99AL Cyan 974 XL,0,0,False,{},,ingram
23816,nan,HP - 974X - Ink cartridge - Magenta,nan,L0S02AL,157.7,10,nan,Physical,ok,True,1,10,10,Tintas-Cartridge L0S02AL Magenta 974 XL,0,0,False,{},,ingram
23817,nan,HP - 974X - Ink cartridge - Yellow,nan,L0S05AL,158.0,4,nan,Physical,ok,True,1,19,19,Tintas-Cartridge L0S05AL Amarillo 974 XL,0,0,False,{},,ingram
34077,nan,HP - 964 - Ink cartridge - Magenta,nan,3JA51AL,23.8,20,nan,Physical,ok,True,1,50,+50,Cartucho de Tinta Original HP 964 Magenta,0,0,False,{},,ingram
34078,nan,HP - 964 - Ink cartridge - Yellow,nan,3JA52AL,23.8,20,nan,Physical,ok,True,1,50,+50,Cartucho de Tinta Original HP 964 Amarillo ,0,0,False,{},,ingram
34076,nan,HP - 964 - Ink cartridge - Cyan,nan,3JA50AL,23.8,20,nan,Physical,ok,True,1,30,+30,Cartucho de Tinta Original HP 964 Cyan ,0,0,False,{},,ingram
34081,nan,HP - 964XL - Ink cartridge - Magenta,nan,3JA55AL,41.5,20,nan,Physical,ok,True,1,100,+100,Cartucho de Tinta Original HP 964 XL Magenta ,0,0,False,{},,ingram
34080,nan,HP - 964XL - Ink cartridge - Cyan,nan,3JA54AL,41.4,20,nan,Physical,ok,True,1,30,+30,Cartucho de Tinta Original HP 964 XL Cyan ,0,0,False,{},,ingram
34079,nan,HP - 964XL - Ink cartridge - Black,nan,3JA57AL,52.7,20,nan,Physical,ok,True,1,20,20,Cartucho de Tinta Original HP 964 XL Negro ,0,0,False,{},,
40531,nan,HP - 667XL - Ink cartridge - Tricolor - 3YM80AL,nan,3YM80AL,30.7,20,nan,Physical,ok,True,1,20,20,Cartucho de Tinta Original HP  667 XL Tricolor,0,0,False,{},,
35016,nan,"HP - GT53 - Ink cartridge - Black - 1VV22AL - Botella de tinta HP GT53 Negro 4,000 Págs",nan,1VV22AL,8.1,20,nan,Physical,ok,True,1,100,+100,Botella de Tinta Original HP GT53 Negro,0,0,False,{},,ingram
40532,nan,HP - 667XL - Ink cartridge - Black - 3YM81AL,nan,3YM81AL,32.5,20,nan,Physical,ok,True,1,100,+100,Cartucho de Tinta Original HP  667 XL Negro,0,0,False,{},,ingram
23418,nan,HP - Ink cartridge - Cyan - Model 954 700 pages,nan,L0S50AL,25.9,20,nan,Physical,ok,True,1,100,+100,Cartucho de Tinta Original HP 954 Cyan ,0,0,False,{},,ingram
32859,nan,"HP - 954xl - Ink cartridge - Black - 2,000 pages",nan,L0S71AL,58.3,16,nan,Physical,ok,True,1,20,20,Cartucho de Tinta Original HP 954 XL Negro ,0,0,False,{},,
32862,nan,"HP - 954xl - Ink cartridge - Magenta - 1,600 pages",nan,L0S65AL,48.7,20,nan,Physical,ok,True,1,50,+50,Cartucho de Tinta Original HP 954 XL Magenta ,0,0,False,{},,ingram
32860,nan,"HP - 954xl - Ink cartridge - Cyan - 1,600 pages",nan,L0S62AL,48.5,20,nan,Physical,ok,True,1,30,+30,Cartucho de Tinta Original HP 954 XL Cyan ,0,0,False,{},,ingram
32861,nan,"HP - 954xl - Ink cartridge - Yellow - 1,600 pages",nan,L0S68AL,48.6,20,nan,Physical,ok,True,1,6,6,Cartucho de Tinta Original HP 954 XL Amarillo ,0,0,False,{},,ingram
23421,nan,HP - Ink cartridge - Black - Model 954 1000 pages,nan,L0S59AL,37.4,20,nan,Physical,ok,True,1,50,+50,Cartucho de Tinta Original HP 954 Negro ,0,0,False,{},,ingram
23419,nan,HP - Ink cartridge - Magenta - Model 954 700 pages,nan,L0S53AL,25.8,20,nan,Physical,ok,True,1,30,+30,Cartucho de Tinta Original HP 954 Magenta ,0,0,False,{},,ingram
23420,nan,HP - Ink cartridge - Yellow - Model 954 700 pages,nan,L0S56AL,25.9,20,nan,Physical,ok,True,1,20,20,Cartucho de Tinta Original HP 954 Amarillo ,0,0,False,{},,ingram
23812,nan,HP - 974a - Ink cartridge - Yellow - Pagewide,nan,L0R93AL,88.3,12,nan,Physical,ok,True,1,18,18,Cartucho de Tinta Original HP 974 Amarillo ,0,0,False,{},,ingram
23814,nan,HP - 974a - Ink cartridge - Black - Pagewide,nan,L0R96AL,77.8,10,nan,Physical,ok,True,1,16,16,Cartucho de Tinta Original HP 974 Negro ,0,0,False,{},,ingram
32719,nan,"Brother TN3499 - Ultra High Yield - original - cartucho de tóner - para Brother HL-L6400DW, HL-L6400DWT, HL-L6400DWTT, MFC-L6900DW, MFC-L6900DWT",nan,TN3499,150.5,20,nan,Physical,ok,True,1,100,+100,Toner Original Brother TN-3499 Negro,0,0,False,{},,ingram
22635,nan,"Brother TN3479 - Súper Alto Rendimiento - original - cartucho de tóner - para Brother DCP-L5650, HL-L5100, HL-L6400, MFC-L5900, MFC-L6700",nan,TN3479,116.8,20,nan,Physical,ok,True,1,100,+100,Toner Original Brother TN-3479 Negro,0,0,False,{},,ingram
33808,nan,Brother TN - TN411BK - Toner cartridge - Black,nan,TN411BK,50.9,20,nan,Physical,ok,True,1,50,+50,Toner Original Brother TN-411 Negro,0,0,False,{},,ingram
33810,nan,Brother TN - TN411M - Toner cartridge - Magenta,nan,TN411M,56.9,20,nan,Physical,ok,True,1,50,+50,Toner Original Brother TN-411 Magenta,0,0,False,{},,ingram
33809,nan,Brother TN - TN411C - Toner cartridge - Cyan,nan,TN411C,56.9,20,nan,Physical,ok,True,1,50,+50,Toner Original Brother TN-411 Cyan,0,0,False,{},,ingram
33811,nan,Brother TN - TN411Y - Toner cartridge - Yellow,nan,TN411Y,56.9,20,nan,Physical,ok,True,1,50,+50,Toner Original Brother TN-411 Amarillo,0,0,False,{},,ingram
33813,nan,Brother TN - TN419C - Toner cartridge - Cyan,nan,TN419C,161.3,20,nan,Physical,ok,True,1,100,+100,Toner Original Brother TN-419 Cyan Alto rendimiento ,0,0,False,{},,ingram
33812,nan,Cartucho de Tóner Brother TN - TN419BK,nan,TN419BK,92.6,20,nan,Physical,ok,True,1,100,+100,Toner Original Brother TN-419 Negro,0,0,False,{},,ingram
33814,nan,Brother TN - TN419M - Toner cartridge - Magenta,nan,TN419M,161.3,20,nan,Physical,ok,True,1,100,+100,Toner Original Brother TN-419 Magenta Alto rendimiento ,0,0,False,{},,ingram
31611,nan,Brother - TN213C - Toner cartridge - Cyan,nan,TN213C,56.6,20,nan,Physical,ok,True,1,30,+30,Toner Original Brother TN-213 Cyan,0,0,False,{},,ingram
31614,nan,Brother - TN217BK - Toner cartridge - Black,nan,TN217BK,68.7,20,nan,Physical,ok,True,1,50,+50,Toner Original Brother TN-217 Negro ,0,0,False,{},,ingram
31615,nan,Brother - TN217C - Toner cartridge - Cyan,nan,TN217C,74.9,20,nan,Physical,ok,True,1,50,+50,Toner Original Brother TN-217 Cyan ,0,0,False,{},,ingram
31616,nan,Brother - TN217M - Toner cartridge - Magenta,nan,TN217M,74.9,20,nan,Physical,ok,True,1,26,26,Toner Original Brother  TN-217 Magenta,0,0,False,{},,ingram
31617,nan,Cartucho de Tóner Brother - TN217Y,nan,TN217Y,74.9,20,nan,Physical,ok,True,1,50,+50,Toner Original Brother TN-217 Amarillo,0,0,False,{},,ingram
34999,nan,Brother - DR213CL - Drum cartridge,nan,DR213CL,116.7,5,nan,Physical,ok,True,1,21,21,Tambor original Brother DR-213,0,0,False,{},,ingram
1205,nan,"HP 12A - Negro - original - LaserJet - cartucho de tóner (Q2612A) - para LaserJet 1010, 1012, 1015, 1018, 1020, 1022, 3015, 3020, 3030, 3050, 3052, 3055, M1005",nan,Q2612A,103.5,3,nan,Physical,ok,True,1,3,3,Toner Original HP 12A LaserJet Negro,0,0,False,{},,ingram
46621,nan,"HP 305A - Amarillo - original - LaserJet - cartucho de tóner (CE412A) - para LaserJet Pro 300 M351, 400 M451, MFP M375, MFP M475",nan,CE412A,159.5,6,nan,Physical,ok,True,1,30,+30,Toner Original HP 305A Amarillo,0,0,False,{},,ingram
51060,nan,Brother - TN3619 - Toner cartridge - Black,nan,TN3619,174.7,20,nan,Physical,ok,True,1,100,+100,Toner Original Brother TN-3619 Negro,0,0,False,{},,ingram
1773,nan,HP 126A - Amarillo - original - LaserJet - cartucho de tóner (CE312A) - para Color LaserJet Pro CP1025; LaserJet Pro MFP M175; TopShot LaserJet Pro M275,nan,CE312A,68.9,20,nan,Physical,ok,True,1,5,5,Toner Original HP 126A LaserJet Amarillo ,0,0,False,{},,ingram
1772,nan,HP 126A - Cián - original - LaserJet - cartucho de tóner (CE311A) - para Color LaserJet Pro CP1025; LaserJet Pro MFP M175; TopShot LaserJet Pro M275,nan,CE311A,68.8,20,nan,Physical,ok,True,1,12,12,Toner Original HP 126A LaserJet Cyan ,0,0,False,{},,ingram
1774,nan,HP 126A - Magenta - original - LaserJet - cartucho de tóner (CE313A) - para Color LaserJet Pro CP1025; LaserJet Pro MFP M175; TopShot LaserJet Pro M275,nan,CE313A,68.7,20,nan,Physical,ok,True,1,11,11,Toner Original HP 126A LaserJet Magenta ,0,0,False,{},,ingram
2511,nan,"HP 05A - Negro - original - LaserJet - cartucho de tóner (CE505A) - para LaserJet P2035, P2035n, P2055, P2055d, P2055dn, P2055x",nan,CE505A,116.7,4,nan,Physical,ok,True,1,100,+100,Toner Original HP 05A Negro,0,0,False,{},,ingram
33821,nan,"HP 410A - Magenta - original - LaserJet - cartucho de tóner (CF413A) - para Color LaserJet Pro M452, MFP M377, MFP M477",nan,CF413A,145.0,4,nan,Physical,ok,True,1,30,+30,Toner Original HP 410A LaserJet Magenta ,0,0,False,{},,ingram
12291,nan,"HP 80A - Negro - original - LaserJet - cartucho de tóner (CF280A) - para LaserJet Pro 400 M401, MFP M425",nan,CF280A,135.3,20,nan,Physical,ok,True,1,16,16,Toner Original HP 80A Negro ,0,0,False,{},,ingram
33820,nan,"HP 410A - Negro - original - LaserJet - cartucho de tóner (CF410A) - para Color LaserJet Pro M452, MFP M377, MFP M477",nan,CF410A,112.7,20,nan,Physical,ok,True,1,50,+50,Toner Original HP 410A LaserJet Negro ,0,0,False,{},,ingram
33819,nan,"HP 410A - Cián - original - LaserJet - cartucho de tóner ( CF411A ) - para Color LaserJet Pro M452dn, M452dw, M452nw, MFP M477fdn, MFP M477fdw, MFP M477fnw",nan,CF411A,145.4,11,nan,Physical,ok,True,1,50,+50,Toner Original HP 410A LaserJet Cyan,0,0,False,{},,ingram
39128,nan,"HP 87X - Alto rendimiento - negro - original - LaserJet - cartucho de tóner (CF287X) - para LaserJet Enterprise M506, MFP M527; LaserJet Enterprise Flow MFP M527; LaserJet Pro M501",nan,CF287X,357.6,5,nan,Physical,ok,True,1,5,5,Toner Original HP 87X Negro,0,0,False,{},,ingram
26951,nan,"HP 32A - Negro - original - kit de tambor - para LaserJet Pro M118, M203, MFP M148, MFP M227",nan,CF232A,110.6,20,nan,Physical,ok,True,1,20,20,Tambor original HP 32A ,0,0,False,{},,ingram
24857,nan,"HP 79A - Negro - original - LaserJet - cartucho de tóner (CF279A) - para LaserJet Pro M12a, M12w, MFP M26a, MFP M26nw",nan,CF279A,73.7,20,nan,Physical,ok,True,1,20,20,Toner Original HP 79A Negro ,0,0,False,{},,
29932,nan,"HP 48a - Negro - original - LaserJet - cartucho de tóner (CF248A) - para LaserJet Pro M15a, MFP M28a, MFP M28w, MFP M31w",nan,CF248A,56.3,20,nan,Physical,ok,True,1,100,+100,Toner Original HP 48A LaserJet Negro  ,0,0,False,{},,ingram
55020,nan,"HP 202A - Magenta - original - LaserJet - cartucho de tóner (CF503A) - para Color LaserJet Pro M254dw, M254nw, MFP M280nw, MFP M281cdw, MFP M281fdn, MFP M281fdw",nan,CF503A,94.8,2,nan,Physical,ok,True,1,19,19,Toner Original HP 202A Magenta,0,0,False,{},,ingram
35077,nan,"HP 103A Reload Kit - Negro - recarga de tóner - para Neverstop 1001; Neverstop Laser 1000, MFP 1200",nan,W1103A,11.7,20,nan,Physical,ok,True,1,100,+100,Kit de recarga de Tóner Original HP Laser 103A Negro,0,0,False,{},,ingram
35661,nan,"HP 105A - Negro - original - cartucho de tóner (W1105A) - para Laser 107, MFP 135, MFP 137",nan,W1105A,50.2,20,nan,Physical,ok,True,1,100,+100,Toner Original HP 105A Negro Laserjet ,0,0,False,{},,ingram
46626,nan,"HP 414A - Cián - original - LaserJet - cartucho de tóner (W2021A) - para Color LaserJet Enterprise M455, MFP M480; Color LaserJet Pro M454, M479, MFP M479",nan,W2021A,118.2,20,nan,Physical,ok,True,1,50,+50,Toner Original HP 414A Cyan (W2021A),0,0,False,{},,ingram
47090,nan,"HP 414A - Magenta - original - LaserJet - cartucho de tóner (W2023A) - para Color LaserJet Enterprise M455, MFP M480; Color LaserJet Pro M454, M479, MFP M479",nan,W2023A,118.2,20,nan,Physical,ok,True,1,30,+30,Toner Original HP 414A Magenta (W2023A),0,0,False,{},,ingram
55370,nan,"HP 150A - Negro - original - LaserJet - cartucho de tóner (W1500A) - para LaserJet M1120 MFP, M1120n MFP, MFP M139we",nan,W1500A,74.8,20,nan,Physical,ok,True,1,100,+100,Toner Original HP 150A Negro,0,0,False,{},,ingram
56783,nan,Motorola Moto G86 - Smartphone - Android - 256 GB - Green - Touch,nan,PB8W0004CL,230.8,20,nan,Physical,ok,True,1,100,+100,Celular Moto G86 Power 256GB/8GB 5G Verde Liberado,0,0,False,{},,ingram
56185,nan,Lenovo ThinkSystem - DDR5 SDRAM - 32GB TruDDR5 6400MHz (2Rx8),nan,4X77A90965,1622.1,18,nan,Physical,ok,True,1,9,9,Memoria Servidores ThinkSystem 32GB TruDDR5 6400MHz (2Rx8),0,0,False,{},,ingram
51479,nan,Intel Core i5 i5-14400F - 2.5 GHz - 10 núcleos - 16 hilos - 20 MB caché - FCLGA1700 Socket - Caja,nan,BX8071514400F,191.0,20,nan,Physical,ok,True,1,20,20,CPU Intel Core i5-14400F (s1700),0,0,False,{},,
50505,nan,Intel Core i5 i5-14600K - 3.5 GHz - 14 núcleos - 20 hilos - 24 MB caché - FCLGA1700 Socket - Caja,nan,BX8071514600K,275.1,20,nan,Physical,ok,True,1,20,20,CPU Intel Core i5-14600K (s1700),0,0,False,{},,ingram
50506,nan,Intel Core i5 i5-14600KF - 3.5 GHz - 14 núcleos - 20 hilos - 24 MB caché - FCLGA1700 Socket - Caja,nan,BX8071514600KF,260.7,20,nan,Physical,ok,True,1,20,20,CPU Intel Core i5-14600KF (s1700),0,0,False,{},,ingram
43744,nan,Intel Core i7 12700KF - 3.6 GHz - 12 núcleos - 20 hilos - 25 MB caché - LGA1700 Socket - Caja (sin refrigerante),nan,BX8071512700KF,329.1,20,nan,Physical,ok,True,1,30,+30,CPU Intel Core i7-12700KF (s1700),0,0,False,{},,ingram
50507,nan,Intel Core i7 i7-14700K - 3.4 GHz - 20 núcleos - 28 hilos - 33 MB caché - FCLGA1700 Socket - Caja,nan,BX8071514700K,395.1,3,nan,Physical,ok,True,1,24,24,CPU Intel Core i7-14700K (s1700),0,0,False,{},,ingram
55024,nan,Intel Core i7 12700 - 2.1 GHz - 12 núcleos - 20 hilos - 25 MB caché - LGA1700 Socket - Caja,nan,BX8071512700,326.7,20,nan,Physical,ok,True,1,100,+100,CPU Intel Core i7-12700 (s1700),0,0,False,{},,ingram
50509,nan,Intel Core i9 i9-14900K - 3.2 GHz - 24 núcleos - 32 hilos - 36 MB caché - FCLGA1700 Socket - Caja,nan,BX8071514900K,597.5,6,nan,Physical,ok,True,1,17,17,CPU Intel Core i9-14900K (s1700),0,0,False,{},,ingram
52802,nan,AMD - Ryzen 9 9900X - 12 Core 5.6GH 76MB AM5 Radeon,nan,100-100000662WOF,413.6,15,nan,Physical,ok,True,1,2,2,CPU AMD Ryzen 9 9900X (AM5),0,0,False,{},,
56560,nan,HPE Flex Slot Platinum - Fuente de alimentación - conectable en caliente (módulo de inserción) - Flex Slot - 80 PLUS Platinum - CA 230 V - 800 vatios,nan,P38995-B21,292.0,2,nan,Physical,ok,True,1,13,13,Fuente de poder 800W FS Plat Ht Plg LH Pwr Sply Kit,0,0,False,{},,ingram
56508,nan,"Lenovo - Internal hard drive - 960 GB - 2.5"" - Solid state / hard drive - 4XB7A90874",nan,4XB7A90874,1272.3,17,nan,Physical,ok,True,1,1,1,"SSD Lenovo ThinkSystem 960GB 2.5"" SATA III",0,0,False,{},,ingram
55264,nan,"HPE - SSD - 480 GB - hot-swap - 2.5"" SFF - SATA 6Gb/s - Multi Vendor - para ProLiant DL20 Gen10 Plus, DL325 Gen10 Plus, DL360 Gen10 Plus, DL385 Gen10 Plus, ML30 Gen10 Plus",nan,P40502-B21,467.4,2,nan,Physical,ok,True,1,11,11,Disco Server HPE 480GB SATA MU SFF BC MV SSD,0,0,False,{},,ingram
55244,nan,"HPE Mixed Use - SSD - 1.92 TB - hot-swap - 2.5"" SFF - SATA 6Gb/s - Multi Vendor - con HPE Basic Carrier - para ProLiant DL20 Gen10 Plus, DL325 Gen10 Plus, DL360 Gen10 Plus, DL385 Gen10 Plus, ML30 Gen10 Plus",nan,P40504-B21,2449.1,15,nan,Physical,ok,True,1,24,24,Disco Server HPE 1.92TB SATA MU SFF BC MV SSD,0,0,False,{},,ingram
25213,nan,WD ELEMENTS Almacenamiento portátil WDBU6Y0020BBK - Disco duro - 2 TB - externo (portátil) - USB 3.0,nan,WDBU6Y0020BBK-WESN,132.1,20,nan,Physical,ok,True,1,100,+100,"Disco Externo 2TB 2.5"" USB 3.0 Elements Negro ",0,0,False,{},,ingram
55815,nan,Lenovo ThinkPad Essential Wireless Mouse - Mouse - laser - 5 buttons - wireless - 2.4 GHz - USB wireless receiver - for Tablet 10; ThinkCentre M71X; ThinkPad L380; L380 Yoga; L480; L580; T480; T580; X380 Yoga,nan,4X30M56888,11.6,20,nan,Physical,ok,True,1,100,+100,Mouse Inalámbrico compacto ThinkPad Essential - Negro,0,0,False,{},,ingram
41594,nan,Epson WorkForce ES-50 - Escáner de documentos - Portátil - USB 2.0 - USB 2.0 - 216 x 1828.8 mm - 1200 dpi x 600 dpi,nan,B11B252201,153.0,4,nan,Physical,ok,True,1,4,4,Escaner Portátil  WorkForce ES-50,0,0,False,{},,ingram
55805,nan,Lenovo - Keyboard and mouse set - Essential Wired Combo,nan,4X31R64424,16.5,20,nan,Physical,ok,True,1,100,+100,Combo Teclado + Mouse Alámbrico Essential Wired - Negro,0,0,False,{},,ingram
56552,nan,Epson DS-730N - Escáner de documentos - Sensor de imagen de contacto (CIS) - a dos caras - Ledger - 600 ppp x 600 ppp - hasta 40 ppm (mono) / hasta 40 ppm (color) - Alimentador automático de documentos (ADF) (100 hojas) - hasta 6500 exploraciones por d,nan,B11B259201,514.6,2,nan,Physical,ok,True,1,4,4,Escáner DS-730N ADF,0,0,False,{},,ingram
55957,nan,Epson DS-770 II - Escáner de documentos - Sensor de imagen de contacto (CIS) - a dos caras - 216 x 6096 mm - 600 ppp x 600 ppp - hasta 45 ppm (mono) / hasta 45 ppm (color) - Alimentador automático de documentos (ADF) (100 hojas) - hasta 7000 exploracion,nan,B11B262201,370.9,1,nan,Physical,ok,True,1,7,7,Escaner DS-770 II Dúplex,0,0,False,{},,ingram
55803,nan,Lenovo - Headset - Para Professional audio / Para Conference / Para Cellular phone / Para Computer - Wired,nan,4XD1R88995,42.0,20,nan,Physical,ok,True,1,1,1,Lenovo Wired VoIP Headset 5000 (Teams),0,0,False,{},,ingram
55216,nan,"Dell P2425H - LCD monitor - 23.8"" - 1920 x 1080 - IPS - DisplayPort / HDMI / VGA / USB - Black - Height adjustment",nan,P2425H,144.7,20,nan,Physical,ok,True,1,100,+100,"Monitor Dell 23.8"" FHD, IPS, 100Hz,VESA,  P2425H",0,0,False,{},,ingram
55832,nan,"Lenovo ThinkVision S24-4e - LCD monitor - 23.8"" - 1920 x 1080 - IPS - HDMI / VGA - Black",nan,64B5KAR1CL,76.9,20,nan,Physical,ok,True,1,30,+30,"Monitor Lenovo ThinkVision 23.8"" S24-4E",0,0,False,{},,ingram
55829,nan,"Lenovo ThinkVision E24-40 - LCD monitor - 23.8"" - 1920 x 1080 - IPS - HDMI / DisplayPort / VGA - Black",nan,64BAMAR1CL,83.4,20,nan,Physical,ok,True,1,100,+100,"Monitor Lenovo ThinkVision 23.8"" E24-40",0,0,False,{},,ingram
55831,nan,"Lenovo ThinkVision T24-40 - LCD monitor - 23.8"" - 1980 x 1080 - IPS - HDMI / DisplayPort / USB-C - Black",nan,64A4MARXCL,129.1,20,nan,Physical,ok,True,1,11,11,"Monitor Lenovo ThinkVision 23.8"" T24-40",0,0,False,{},,ingram
56044,nan,"Lenovo ThinkVision P27QD-40 - WLED - 27"" - 2560 x 1440 - IPS - HDMI / DisplayPort / USB-C",nan,64B3GAR2CL,280.1,20,nan,Physical,ok,True,1,50,+50,MONITOR-HDMI 27 P27QD-40C25270QP0,0,0,False,{},,ingram
55828,nan,"Lenovo ThinkVision - LCD monitor - 27"" - 1920 x 1080 - IPS - HDMI / DisplayPort / VGA - Black",nan,64BCMAR4CL,107.7,20,nan,Physical,ok,True,1,50,+50,"Monitor Lenovo Thinkvision 27""  E27-40",0,0,False,{},,ingram
49020,nan,"Samsung - LED-backlit LCD monitor - 3D - Curved Screen - 32"" - 2560 x 1440 - VA - HDMI - Black",nan,LS32BG650ELXZS,370.0,13,nan,Physical,ok,True,1,30,+30,"Monitor Gamer Samsung Curvo 32"", QHD, 240Hz, VA, 1ms,  HDR600, FreeSync Premium Pro, Odyssey G6 LS32BG650ELXZS",0,0,False,{},,ingram
56869,nan,"Viewsonic - VA240A-H 24""IPS Full HD 120HZ",nan,VA240A-H,66.7,20,nan,Physical,ok,True,1,100,+100,Monitor IPS de 24IN 1080p 120 Hz con HDM,0,0,False,{},,ingram
56870,nan,"Viewsonic - VA220A-H 22""VA Full HD 120HZ 1",nan,VA220A-H,59.1,20,nan,Physical,ok,True,1,100,+100,MONITOR 22IN  FULL HD 120HZ MONITOR WITH,0,0,False,{},,ingram
56666,nan,"HP - Notebook - 14"" - Intel Core Ultra 7 255H / 4.4 GHz - 32 GB - DDR5 SDRAM - SSD - NVIDIA RTX 500",nan,D5HH8LT#ABM,2589.1,20,nan,Physical,ok,True,1,50,+50,"Notebook Zbook 8 G1I Intel Ultra 7-255H 32GB RAM 1TB SSD 14"" RTX 4GB Windows 11 Pro D5HH8LT#ABM",0,0,False,{},,ingram
55154,nan,"Lenovo ThinkBook 14 Gen8 - Notebook - 14"" - 1920 x 1080 LCD - Intel Core i7 240H / 4.1 GHz - 16 GB - DDR4 SDRAM - 512 GB SSD - Intel HD Graphics - Windows 11 Pro - Black - Spanish - 1-year warranty",nan,21SG009GCL,1028.8,20,nan,Physical,ok,True,1,50,+50,"Notebook ThinkBook 14 Gen 8  Intel Core 7-240H 14"" 16GB  512GB SSD  Windows 11 Pro 21SG009GCL ",0,0,False,{},,ingram
55535,nan,"Lenovo ThinkPad T14 Gen 6 - Notebook - 14"" - 1920 x 1080 LCD - Intel Core Ultra 5 225U / 3.8 GHz - 16 GB - DDR5 SDRAM - 512 GB SSD - None - Intel HD Graphics - Windows 11 Pro - Black - Spanish - 1-year warranty",nan,21QD001FCL,1354.6,20,nan,Physical,ok,True,1,100,+100,"Notebook AI PC ThinkPad T14 Gen 6 Intel Ultra 5-225U 14"" 16GB 512GB SSD Windows 11 Pro 21QD001FCL",0,0,False,{},,ingram
55557,nan,"Lenovo ThinkPad T14 AMD Gen 6 - Notebook - 14"" - 1920 x 1080 LCD - AMD Ryzen 7 Pro 350 / 2.1 GHz - 32 GB - DDR5 SDRAM - 512 GB SSD - None - AMD Radeon - Windows 11 Pro - Black - Spanish - 1-year warranty",nan,21QK000TCL,1687.6,20,nan,Physical,ok,True,1,50,+50,"Notebook AI PC ThinkPad T14 Gen 6 AMD Ryzen AI 7 PRO 350 14"" 32GB 512GB SSD Windows 11 Pro 21QK000TCL",0,0,False,{},,ingram
55559,nan,"Lenovo ThinkPad X9-15 Gen 1 - Notebook - 15.3"" - 2880 x 1800 LCD - Touchscreen - Intel Core Ultra 7 258V / 4.8 GHz - 32 GB - DDR5 SDRAM - 1 TB SSD - None - Intel Arc Graphics - Windows 11 Pro - Black - Spanish - 3-year warranty",nan,21Q7000YCL,1957.2,12,nan,Physical,ok,True,1,16,16,"Notebook ThinkPad X9 Gen 1 Intel Ultra 7-258V 15.3"" 32GB 1TB SSD Windows 11 Pro 21Q7000YCL",0,0,False,{},,ingram
55781,nan,"Lenovo ThinkPad - Notebook - 14.5"" - 1920 x 1200 LCD - Intel Core Ultra 7 255H / 5.1 GHz - 16 GB - DDR5 SDRAM - 1 TB SSD - None - NVIDIA RTX 500 Blackwell - Windows 11 Pro - Black - Spanish - 3-year warranty",nan,21QU0009CL,1820.6,20,nan,Physical,ok,True,1,50,+50,"Notebook ThinkPad P14s Gen6 Intel Ultra 7-255H 14.5"" RTX Pro500 16GB 1TB SSD Windows 11 Pro 21QU0009CL",0,0,False,{},,ingram
55836,nan,"Lenovo ThinkPad - Notebook - 16"" - 1920 x 1200 LCD - Intel Core Ultra 9 285H / 5.1 GHz - 32 GB - DDR5 SDRAM - 1 TB SSD - None - NVIDIA RTX PRO 2000 Blackwell - Windows 11 Pro - Black - Spanish - 3-year warranty",nan,21RS003RCL,4465.4,7,nan,Physical,ok,True,1,6,6,"Notebook Thinkpad P16v G3 Intel Ultra 9-285H RTX PRO 8GB  2000 16"" 32GB 1TB SSD Windows 11 Pro 21RS003RCL",0,0,False,{},,ingram
55388,nan,"Lenovo ThinkPad T14s Gen 6 - Notebook - 14"" - 1920 x 1080 LCD - Intel Core Ultra 7 255U / 4.2 GHz - 32 GB - DDR5 SDRAM - 1 TB SSD - None - Intel HD Graphics - Windows 11 Pro - Black - Spanish - 1-year warranty",nan,21R20014CL,2115.5,8,nan,Physical,ok,True,1,17,17,"Notebook AI PC Thinkpad T14S Gen 6 Intel Core Ultra 7-255U 14"" 32GB 1TB SSD Windows 11 Pro 21R20014CL",0,0,False,{},,ingram
55835,nan,"Lenovo ThinkPad - Notebook - 16"" - 1920 x 1200 LCD - Intel Core Ultra 7 255H / 5.1 GHz - 32 GB - DDR5 SDRAM - 1 TB SSD - None - NVIDIA RTX PRO 500 Blackwell - Windows 11 Pro - Black - Spanish - 3-year warranty",nan,21QV004VCL,3079.8,15,nan,Physical,ok,True,1,15,15,"Notebook ThinkPad P16s Gen4 Intel Ultra 7-255H RTX Pro 500 16"" 32GB 1TB SSD Windows 11 Pro 21QV004VCL",0,0,False,{},,ingram
56716,nan,"Lenovo ThinkPad E14 - Notebook - 14"" - 1980 x 1080 LCD - Intel Core Ultra 5 U5-226V / 2.6 GHz - 16 GB - DDR5 SDRAM - 512 GB SSD - None - Intel HD Graphics - Windows 11 Pro - Black - Spanish - 1-year warranty",nan,21U3000NCL,1037.4,20,nan,Physical,ok,True,1,100,+100,Notebook ThinkPad E14 G7 Intel Ultra 5 226V 16GB RAM 512GB SSD Windows 11 Pro,0,0,False,{},,ingram
56817,nan,"Lenovo ThinkPad - Notebook - 13.3"" - 1920 x 1200 LCD - AMD Ryzen 7 Pro 350 / 2.6 GHz - 32 GB - DDR5 SDRAM - 1 TB SSD - None - AMD Radeon - Windows 11 Pro - Black - Spanish - 3-year warranty",nan,21RM003FCL,1768.1,20,nan,Physical,ok,True,1,5,5,"Notebook ThinkPad X13 G6 AMD Ryzen AI 7 PRO 350 13.3"" 32GB RAM 1TB SSD Windows 11 Pro",0,0,False,{},,ingram
56818,nan,"Lenovo ThinkPad T14s Gen 6 - Notebook - 14"" - 1980 x 1080 LCD - AMD Ryzen 7 Pro 350 / 2.05 GHz - 32 GB - DDR5 SDRAM - 1 TB SSD - None - AMD Radeon - Windows 11 Pro - Black - Spanish - 1-year warranty",nan,21TB004HCL,2129.3,20,nan,Physical,ok,True,1,30,+30,"Notebook ThinkPad T14s Gen6 AMD Ryzen AI 7 PRO 350 14"" 32GB RAM 1TB SSD Windows 11 Pro",0,0,False,{},,ingram
55808,nan,"Lenovo ThinkPad E16 - Notebook - 15.6"" - 1980 x 1080 LCD - Intel Core Ultra 5 U5-225U / 2.5 GHz - 16 GB - DDR5 SDRAM - 512 GB SSD - None - Intel HD Graphics - Windows 11 Pro - Black - Spanish - 1-year warranty",nan,21SS000LCL,1037.4,20,nan,Physical,ok,True,1,50,+50,"Notebook ThinkPad E16 Gen3 Intel Ultra 5-225U 16"" 16GB 512GB SSD Windows 11 Pro 21SS000LCL",0,0,False,{},,ingram
56778,nan,"Lenovo ThinkBook - Notebook - 14"" - 1980 x 1080 LCD - Intel Core 5 210H / 3.6 GHz - 16 GB - DDR5 SDRAM - 512 GB SSD - None - Intel HD Graphics - Windows 11 Pro - Black - Spanish - 1-year warranty",nan,21UY00GKCL,1124.9,20,nan,Physical,ok,True,1,100,+100,"Notebook ThinkBook 14 G9 IRL Intel Core 5 210H 14"" 16GB RAM 512GB SSD WIndows 11 Pro",0,0,False,{},,ingram
56823,nan,"Lenovo V14 G4 AMN - Notebook - 14"" - 1980 x 1080 LCD - AMD Ryzen 5 7520U / 2.8 GHz - 8 GB - DDR4 SDRAM - 512 GB SSD - None - AMD Radeon 610M - Windows 11 Pro - Black - Spanish - 1-year warranty",nan,82YT013DCL,793.3,20,nan,Physical,ok,True,1,50,+50,"Notebook V14 G4 	AMD Ryzen 5 7520U 14"" 8GB RAM 512GB SSD Windows 11 Pro",0,0,False,{},,ingram
54495,nan,"Dell Pro - Notebook - 14"" - Intel Core Ultra 7 255U / 5.2 GHz - 16 GB - DDR5 SDRAM - 512 GB - Integrated Intel Graphics - Windows 11 Pro - 3-year warranty",nan,2HWN3,1388.5,20,nan,Physical,ok,True,1,50,+50,"Notebook New Dell Pro Intel Core Ultra 7 255U 16GB RAM 512GB SSD 14"" FHD W11P",0,0,False,{},,ingram
55847,nan,"ASUS - Notebook - 14"" - Intel Core i7 I7-1355U - 16 GB - 1 TB SSD - NVIDIA GeForce RTX 2050 - Windows 11 Pro",nan,90NX06Z1-M002K0,1068.9,20,nan,Physical,ok,True,1,30,+30,"Notebook ExpertBook B3 14"" Intel Core i7-1355U 16GB RAM 1TB SSD Windows 11 Pro B3404CVF-Q50063X ",0,0,False,{},,ingram
56009,nan,"Dell - Notebook - 14"" - Intel Core Ultra 5 225U / 4.8 GHz - 16 GB - DDR5 SDRAM - 512 GB SSD - Integrated graphics",nan,7XNFP,903.1,20,nan,Physical,ok,True,1,50,+50,"Notebook Dell Pro Intel Core Ultra 5-225U 14"" FHD 16GB 512GB Windows 11 Pro 7XNFP",0,0,False,{},,ingram
56848,nan,"ASUS - Notebook - 14"" - Intel Core 5 210H / 2.5 GHz - 16 GB - DDR5 SDRAM - 512 GB SSD - Integrated graphics - Windows 11 Pro - P1403CVA-S61407X",nan,90NX0871-M01LL0,801.19,20,nan,Physical,ok,True,1,30,+30,"Notebook ExpertBook P1 Intel Core 5 210H 14"" 16GB RAM 512GB SSD Windows 11 Pro",0,0,False,{},,ingram
55005,nan,"ASUS B1403CVA-S65610X - Notebook - 14"" - Intel Core 5 120U / 5.0 GHz - 16 GB - DDR5 SDRAM - 512 GB - Intel Graphics - Windows 11 Pro",nan,90NX0811-M06NM0,802.68,20,nan,Physical,ok,True,1,100,+100,"Notebook Expertbook B1 Intel Core 5-120U 14"" 16GB 512GB SSD Windows 11 Pro 90NX0811-M06NM0",0,0,False,{},,ingram
56820,nan,"ASUS - Notebook - 14"" - 1920 x 1200 - AMD Ryzen AI 7 350 / 5.0 GHz - 16 GB - DDR5 SDRAM - 512 GB SSD - AMD Radeon - Windows 11 Pro",nan,90NX0971-M00H10,952.94,20,nan,Physical,ok,True,1,50,+50,"Notebook ExpertBook P3 Ryzen AI 7 350 14"" 16GB RAM 512GB SSD Windows 11 Pro",0,0,False,{},,ingram
55241,nan,HPE - Server - Intel Xeon 3508U - ProLiant DL320 Gen11,nan,P81425-DM5,9480.2,1,nan,Physical,ok,True,1,7,7,Server HPE PROLIANT DL320 GEN11 3508U 2.1GHZ 8C 1P 1X32GB R 4LFF 2X960GB SSD 1X800W PS LA SERVER,0,0,False,{},,ingram
56277,nan,HPE Networking Instant On 1930 24G Class4 PoE 4SFP/SFP+ 370W Switch - Conmutador - L3 - Gestionado - 24 x 10/100/1000 (PoE) + 4 x 1 Gigabit / 10 Gigabit SFP+ - montaje en rack - PoE (370 W),nan,JL684B,387.2,3,nan,Physical,ok,True,1,21,21,Switch HPE Aruba Instant On 1930 24G PoE 370W | 4SFP/SFP+,0,0,False,{},,ingram
56062,nan,HPE - Server - Rack-mountable - Intel Xeon Bronze 3508U / 2.1 GHz - 1.92 TB Hard Drive Capacity,nan,P84098-DM5,10749.0,1,nan,Physical,ok,True,1,5,5,Server HPE ML110 G11 3508U 1X32G 4LFF SSD SVR,0,0,False,{},,ingram
47249,nan,"HPE Aruba AP-505 (RW) - Campus - punto de acceso inalámbrico - Bluetooth, Wi-Fi 6 - 2.4 GHz, 5 GHz - en el techo",nan,R2H28A,297.3,20,nan,Physical,ok,True,1,24,24,Aruba AP-505 (RW) con Wi-Fi 6!,0,0,False,{},,ingram
54949,nan,"HPE Aruba AP-515 (RW) - Punto de acceso inalámbrico - Bluetooth, Wi-Fi 6 - 2.4 GHz, 5 GHz - en el techo",nan,Q9H62A,490.5,20,nan,Physical,ok,True,1,50,+50,Aruba AP-515 (RW) Unified AP,0,0,False,{},,ingram
54953,nan,"HPE Aruba AP-635 (RW) - Campus - punto de acceso inalámbrico - Wi-Fi 6E - ZigBee, Bluetooth - 2.4 GHz, 5 GHz, 6 GHz",nan,R7J27A,608.8,5,nan,Physical,ok,True,1,29,29,ARUBA AP-635 (RW) CAMPUS AP,0,0,False,{},,ingram
56780,nan,ASUS - Desktop - Intel Core Ultra 5 225 / 3.3 GHz - DDR5 SDRAM - 512 GB Hard Drive Capacity - Intel UHD Graphics - Windows 11 Pro,nan,90PF05E1-M001H0,826.02,20,nan,Physical,ok,True,1,12,12,Desktop ExpertCenter D700 SFF Intel Ultra 5 225 8GB RAM 512GB SSD Windows 11 Pro ,0,0,False,{},,ingram
56819,nan,ASUS - Desktop - Intel Core Ultra 7 265 / 2.4 GHz - DDR5 SDRAM - 1 TB Hard Drive Capacity - Intel UHD Graphics - Windows 11 Pro,nan,90PF05E1-M000J0,1023.6,20,nan,Physical,ok,True,1,9,9,Desktop ExpertCenter D7 SFF Intel Ultra 7 265 16GB RAM 1TB SSD Windows 11 Pro,0,0,False,{},,ingram
54957,nan,"HPE Aruba AP-615 (RW) - Campus - punto de acceso inalámbrico - Wi-Fi 6E - 2.4 GHz, 5 GHz, 6 GHz",nan,R7J49A,441.4,10,nan,Physical,ok,True,1,20,20,ARUBA AP 615 RW CAMPUS AP,0,0,False,{},,ingram
55529,nan,"Lenovo ThinkCentre neo 50a - All-in-one - Intel Core i5 210H / 3.6 GHz - DDR5 SDRAM - 512 GB HDD - 23.8"" - Intel HD Graphics - Windows 11 Pro - All black - Spanish",nan,12SD007LCS,773.1,20,nan,Physical,ok,True,1,20,20,"All in One Thinkcentre Neo 50a Intel Core 5-210H 24""16GB 512GB SSD Windows 11 Pro 12SD007DCS",0,0,False,{},,ingram
56663,nan,HP - Intel Core Ultra 7 265 / 1.8 GHz - DDR5 SDRAM - 1 TB Hard Drive Capacity - NVIDIA GeForce RTX 3050,nan,D5BK2LT#ABM,2537.3,20,nan,Physical,ok,True,1,8,8,Workstation Z1 G1I Ultra 7-265 RTX 3050 8GB RAM 32GB 1TB W11P,0,0,False,{},,ingram
56847,nan,ASUS B900MF-009285053X - Mini Tower - Intel Core Ultra 9 285 / 5.4 GHz - DDR5 SDRAM - 1 TB Hard Drive Capacity - RTX5060 DUAL/8G - Windows 11 Pro-Memoria 32GB (DIMM Memory-16GB DDR5 U-DIMM *2),nan,90PF05F1-M00CA0,2433.9,18,nan,Physical,ok,True,1,30,+30,Desktop ExpertCenter B900 Intel Ultra 9 285 vPro 32GB RAM 1TB SSD NVIDIA RTX 5060 8GB Windows 11 Pro,0,0,False,{},,ingram
56777,nan,ASUS - Intel Core 7 240H / 2.5 GHz - DDR5 SDRAM - Integrated graphics - Windows 11 Pro - P470VAT-BPF189X,nan,90PT03W6-M02X30,1123.7,20,nan,Physical,ok,True,1,50,+50,"All in One ExpertCenter P470VA Intel Core 7 240H 27"" Touch 16GB RAM 1TB SSD Windows 11 Pro",0,0,False,{},,ingram
56718,nan,HP Pro Desk SFF 4 Mini - Desktop - Intel Core Ultra 7 265T / 5.3 GHz - DDR5 SDRAM - 512 GB Hard Drive Capacity - Intel UHD Graphics - Windows 11 Pro,nan,D20YVLA#ABM,977.1,20,nan,Physical,ok,True,1,30,+30,Desktop ProDesk 4 SFF AIG1i Intel Ultra 7 265 16GB RAM 512GB SSD Windows 11 Pro,0,0,False,{},,ingram
56662,nan,HP - Desktop - Intel Core Ultra 9 285 / 5.4 GHz - DDR5 SDRAM - 1 TB Hard Drive Capacity - NVIDIA GeForce RTX 5060 Ti - Windows 11 Pro,nan,D5BM4LT#ABM,3150.0,16,nan,Physical,ok,True,1,7,7,Workstation Z1 G1I Intel Ultra 9-285 RTX 5060 Ti 16GB 32GB RAM 1TB SSG Windows 11 Pro,0,0,False,{},,ingram
56664,nan,HP - Intel Core Ultra 7 265 / 5.2 GHz - DDR5 SDRAM - 1 TB Hard Drive Capacity - NVIDIA GeForce RTX 5060 Ti - Windows 11 Pro,nan,D5BL5LT#ABM,2867.9,20,nan,Physical,ok,True,1,8,8,Workstation Z1 G1I Ultra 7-265 RTX 5060 16GB RAM 32GB 1TB W11P,0,0,False,{},,ingram
55784,nan,Lenovo ThinkCentre Neo 30s Gen 5 - Small form factor - Intel Core i5 13420H / 3.4 GHz - DDR4 SDRAM - 512 GB Hard Drive Capacity - Intel UHD Graphics - Windows 11 Pro - Spanish,nan,13DG000ECS,732.7,20,nan,Physical,ok,True,1,7,7,Desktop ThinkCentre Neo 30s SFF Intel Core i5-13420H 16GB RAM 512GB SSD Windows 11 Pro,0,0,False,{},,ingram
55785,nan,Lenovo ThinkCentre neo 50s - Small form factor - Intel Core i5 I5-14400 / 3.5 GHz - DDR5 SDRAM - 512 GB Hard Drive Capacity - Intel HD Graphics - Windows 11 Pro - Spanish,nan,12XG001XCS,1137.9,20,nan,Physical,ok,True,1,30,+30,Desktop ThinkCentre Neo 50s SFF Intel Core i5-14400 8GB RAM 512GB SSD Windows 11 Pro,0,0,False,{},,ingram
56493,nan,Dell Pro Slim - Intel Core i7 14700 / 5.3 GHz - DDR5 SDRAM - 512 GB Hard Drive Capacity - Integrated graphics - Windows 11 Pro - Spanish,nan,1N5GV,1029.5,20,nan,Physical,ok,True,1,50,+50,Desktop Dell Pro Slim QCS1250 Intel Core i7-14700 16GB RAM 512GB SSD Windows 11 Pro,0,0,False,{},,ingram
56713,nan,Dell Pro - Slim - Intel Core Ultra 7 265 / 5.3 GHz - DDR5 SDRAM - 512 GB Hard Drive Capacity - Integrated graphics - Windows 11 Pro - QCS1250,nan,YDHJD,1147.9,20,nan,Physical,ok,True,1,50,+50,Desktop Dell Pro Slim Intel Ultra 7 265 16GB RAM 512GB SSD Windows 11 Pro QCS1250 ,0,0,False,{},,ingram
14996,nan,"Epson LX 350 - Impresora - B/N - matriz de puntos - Rollo (21,6 cm), JIS B4, 254 mm (anchura) - 9 espiga - hasta 390 caracteres/segundo - paralelo, USB 2.0, serial",nan,C11CC24011,179.4,2,nan,Physical,ok,True,1,13,13,Impresora Matriz LX-350+ 9 pines c/angosto,0,0,False,{},,ingram
24361,nan,Epson WorkForce WF 100 - Portatil - USB - CMYK 5760 x 1440 Dpi,nan,C11CE05302,298.38,2,nan,Physical,ok,True,1,3,3,Impresora Tinta Portatil con Bateria WF100,0,0,False,{},,ingram
56086,nan,Epson WorkForce Pro C5810,nan,C11CK24301,386.94,2,nan,Physical,ok,True,1,5,5,Multifuncional Tinta Continua  WorkForce Pro WF-C5810 WiFi-Direct,0,0,False,{},,ingram
56424,nan,Epson WorkForce Pro C5890 - Printer Latin,nan,C11CK23301,434.76,8,nan,Physical,ok,True,1,29,29,Multifuncional Tinta Continua WorkForce Pro WF-C5890 WiFi,0,0,False,{},,ingram
56083,nan,Epson WorkForce Pro EM-C8100 - Copier / Printer / Scanner - C11CL31301,nan,C11CL31301,1608.5,3,nan,Physical,ok,True,1,11,11,Multifuncional Tinta Continua WorkForce Pro EM-C8100 USB / WiFi / Ethernet,0,0,False,{},,ingram
37015,nan,"APC Smart-UPS SRT 2200VA - UPS - CA 230 V - 1980 vatios - 2200 VA - RS-232, USB - conectores de salida: 10",nan,SRT2200XLI,1498.1,1,nan,Physical,ok,True,1,1,1,UPS 2200VA Smart-UPS SRT ONLINE,0,0,False,{},,ingram
36100,nan,APC Easy UPS SRV SRV2KI - UPS - CA 230 V - 1600 vatios - 2000 VA - USB - conectores de salida: 4,nan,SRV2KI,349.5,2,nan,Physical,ok,True,1,14,14,UPS 2000VA/1600W Easy-UPS SRV - On-Line,0,0,False,{},,ingram
33864,nan,"APC Easy UPS SRV SRV3KI - UPS - CA 230 V - 2400 vatios - 3000 VA - USB, RS-232 - conectores de salida: 7",nan,SRV3KI,501.7,9,nan,Physical,ok,True,1,5,5,APC EASY UPS SRV 3000VA On Line,0,0,False,{},,
36101,nan,APC Easy UPS BV BV1000I-MS - UPS - CA 230 V - 600 vatios - 1000 VA - conectores de salida: 4,nan,BV1000I-MS,94.2,20,nan,Physical,ok,True,1,7,7,UPS 1000VA/600W Easy-UPS - Interactiva,0,0,False,{},,ingram
55260,nan,APC Back-UPS Pro BR900MI - UPS - CA 230 V - 540 vatios - 900 VA - USB - conectores de salida: 6 - negro,nan,BR900MI,204.5,2,nan,Physical,ok,True,1,26,26,UPS Back UPS Pro BR 900VA. 6 Outlets. AVR. LCD Interface,0,0,False,{},,ingram
42143,nan,APC - UPS - Line interactive - 360 Watt - 700 VA - 230 V - Run Time (Up To): 120 min,nan,BVX700LUI-MS,96.5,20,nan,Physical,ok,True,1,20,20,UPS 700VA/360W Easy-UPS BVX Interactiva,0,0,False,{},,ingram
56545,nan,"APC Smart-UPS SRT 1000VA - UPS (montaje en rack / externo) - CA 230 V - 1000 vatios - 1000 VA - RS-232, USB - conectores de salida: 6 - PFC - negro",nan,SRT1000XLI,1103.5,1,nan,Physical,ok,True,1,1,1,APC Smart-UPS SRT 1000VA 230V,0,0,False,{},,
56537,nan,APC Easy UPS 700VA - UPS,nan,BVG700I-MSX,50.8,20,nan,Physical,ok,True,1,50,+50,APC EASY UPS 700VA,0,0,False,{},,ingram
56539,nan,APC Easy UPS On-Line SRV2KI-E - UPS - On-line,nan,SRV2KI-E,600.3,20,nan,Physical,ok,True,1,29,29,APC Easy UPS On-Line SRV 2000VA 1800W 23,0,0,False,{},,ingram
56538,nan,APC Easy UPS On-Line SRV1KI-E - UPS - On-line,nan,SRV1KI-E,347.6,20,nan,Physical,ok,True,1,24,24,APC EASY UPS ON-LINE SRV 1000VA 900W 230,0,0,False,{},,ingram
56206,nan,APC Easy UPS On-Line SRV3KI-E - UPS - On-line,nan,SRV3KI-E,985.4,1,nan,Physical,ok,True,1,26,26,UPS 3000VA Doble conversión,0,0,False,{},,ingram
56541,nan,APC Easy UPS On-Line SRV3KRIRK-E - UPS - On-line,nan,SRV3KRIRK-E,881.2,9,nan,Physical,ok,True,1,9,9,APC EASY UPS ON-LINE SRV RM 3000VA 2700W,0,0,False,{},,ingram
56540,nan,APC Easy UPS On-Line SRV1KRIRK-E - UPS - On-line,nan,SRV1KRIRK-E,375.2,20,nan,Physical,ok,True,1,1,1,APC EASY UPS ON-LINE SRV RM 1000VA 900W,0,0,False,{},,ingram
35992,nan,APC - UPS - 230 Watt,nan,BV500I-MS,68.4,20,nan,Physical,ok,True,1,21,21,UPS 500VA/300W Easy-UPS Interactiva,0,0,False,{},,ingram
54696,nan,ASUS - PCI Express 5.0. - NVIDIA GeForce RTX 5070 - PRIME-RTX5070-O12G,nan,90YV0M10-M0AA00,692.8,20,nan,Physical,ok,True,1,15,15,Tarjeta de Video NVIDIA Geforce RTX5070 O12G PRIME,0,0,False,{},,ingram
