pcf_id,ingram_part,description,vendor_name,vendor_part,customer_price,available_qty,category,subcategory,api_status,mayorista,lista,stock_pcf,stock_raw,nombre_pcf,precio_normal,precio_oferta,ficha_vacia,stock_detail,error,catalog_provider,solotodo_id,pcf_price,min_price,mode_price,mean_price
10715,1004022,TINTA HP 72 130 ML FOTO NEGRO,Hp,C9370A,94.44,18,Suministros y Medios,Suministros Inyección de Tinta,ok,True,1,18,18,Tintas-Cartridge C9370A Negro 72,0,0,False,{},,ingram,260064,119990,105284,,115526
10718,1004025,TINTA HP 72 130 ML AMARILLO,Hp,C9373A,94.57,9,Suministros y Medios,Suministros Inyección de Tinta,ok,True,1,7,7,Cartridge-Tintas C9373A Amarillo 72,0,0,False,{},,ingram,260160,119990,107583,119990,116676
1416,1004262,TONER HP 35A NEGRO 1500 PAG,Hp,CB435A,82.81,1,Suministros y Medios,Suministros Láser,ok,True,1,1,1,Toner Original HP 35A Negro,0,0,False,{},,ingram,260057,99990,85573,,100534
54970,1075673,1000LX SFP (Mini-GBIC) MOD,D-Link,DEM-310GT,59.74,3,Dispositivos de Red,Transceivers,ok,True,1,3,3,1000LX SFP (Mini-GBIC) MOD,0,0,False,{},,ingram,,,,,
15787,1112657,HP BLc 10Gb SR SFP+ Opt,Hewlett Packard Enterprise,455883-B21,929.1,5,Dispositivos de Red,Transceivers,ok,True,1,5,5,HPE Módulo De Transceptor Sfp+ 10 Gige 455883-B21,0,0,False,{},,ingram,,,,,
34026,1188615,CARTUCHO DE TINTA LC51M MAGENTA,Brother,LC51M,11.72,24,Suministros y Medios,Suministros Inyección de Tinta,ok,True,1,24,24,Cartucho de Tinta Original Brother  LC51 Magenta,0,0,False,{},,ingram,259638,14990,13572,,15969
6033,1189573,1INTA HP 60 TRICOLOR 165 PÃG,Hp,CC643WL,31.48,64,Suministros y Medios,Suministros Inyección de Tinta,ok,True,1,50,+50,Cartucho de Tinta Original HP 60 Tricolor ,0,0,False,{},,ingram,260084,39990,35074,39990,39071
33801,1188617,CARTUCHO DE TINTA LC51BK NEGRO,Brother,LC51BK,20.0,5,Suministros y Medios,Suministros Inyección de Tinta,ok,True,1,5,5,Cartucho de Tinta Original Brother  LC51 Negro,0,0,False,{},,ingram,259621,24990,23500,,25862
29601,1188656,CINTA DK2210,Brother,DK2210,9.56,42,Componentes de Sistema,Componentes de Gabinete,ok,True,1,30,+30,"Cinta blanca-Texto negro DK-2210 29mm/ 30,48 m (Ancho/Largo) ",0,0,False,{},,ingram,,,,,
54038,1189925,APOYA PIES SOLESAVER K56152US,Kensington,K56152US,20.76,23,Equipamiento de Oficina,Descansa pies y espalda,ok,True,1,23,23,Apoya Pies Solesaver K56152US,0,0,False,{},,ingram,,,,,
9472,1212939,TONER HP 128A AMARILLO 1300 PAG,Hp,CE322A,79.98,12,Suministros y Medios,Suministros Láser,ok,True,1,12,12,Toner Original HP 128A Amarillo,0,0,False,{},,ingram,260521,99990,88643,94990,94898
9473,1212940,128A MAGENTA LJ TONER CART CE323A,Hp,CE323A,78.76,33,Suministros y Medios,Suministros Láser,ok,True,1,30,+30,Toner Original HP 128A Magenta,0,0,False,{},,ingram,260333,99990,87295,93990,94284
9470,1212937,128A BLACK LJ TONER CART CE320A,Hp,CE320A,85.04,45,Suministros y Medios,Suministros Láser,ok,True,1,30,+30,Toner  Original HP 128A Negro,0,0,False,{},,ingram,260520,109990,89131,,99481
9471,1212938,128A CYAN LJ TONER CART CE321A,Hp,CE321A,81.13,39,Suministros y Medios,Suministros Láser,ok,True,1,30,+30,Toner Original HP 128A Cyan,0,0,False,{},,ingram,260519,99990,89913,,97784
23137,1214625,ETIQUETAS DK2243,Brother,DK2243,24.75,9,Suministros y Medios,Suministros Impresora Térmica,ok,True,1,9,9,"Cinta blanca-Texto negro  DK-2243  102mm / 30,48m (Ancho / Largo)",0,0,False,{},,ingram,,,,,
9430,1534334,CARTUCHO DE TINTA CLI-126 NEGRO,Canon,4561B001,9.25,1,Suministros y Medios,Suministros Inyección de Tinta,ok,True,1,1,1,Cartucho de Tinta Original Canon CLI-126 Negro,0,0,False,{},,ingram,259525,11990,11106,12490,12425
9771,1403912,SP25 15 4 CLASSIC BACKPACK,Kensington,K63207,15.56,20,Computadores Servidores y Notebooks,Bolsos y Mochilas p/Notebooks,ok,True,1,20,20,"Mochila Notebook 15.6"" SP25 Negra",0,0,False,{},,ingram,,,,,
11315,1442787,126A BLACK LJ IMAGING UNIT CE314A,Hp,CE314A,97.71,47,Suministros y Medios,Suministros Láser,ok,True,1,30,+30,Tambor Original HP-126A  ,0,0,False,{},,ingram,259518,124990,108285,,118458
54994,1591448,Kit Switch KVM 2 Puertos VGA,Startech.Com,SV211KUSB,41.91,3,Dispositivos de Entrada/Salida,KVMs y Componentes,ok,True,1,2,2,Kit Switch KVM 2 Puertos VGA,0,0,False,{},,ingram,,,,,
30708,1722030,3 ft Slim 3.5mm Stereo Audio Cable - M/M,Startech.Com,MU3MMS,2.99,35,Cables,Cables y Adaptadores de Video,ok,True,1,30,+30,Cable Audio Estéreo 3.5mm - 0.9m,0,0,False,{},,ingram,,,,,
23396,1744616,CINTA TZE241,Brother,TZE-241,13.97,191,Suministros y Medios,Cartuchos Ópticos CD/DVD/Magnéticos,ok,True,1,100,+100,Cinta TZe-241,0,0,False,{},,ingram,,,,,
33829,1858355,TONER HP 305A NEGRO 2090 PAG,Hp,CE410A,102.65,30,Suministros y Medios,Suministros Láser,ok,True,1,28,28,Toner Original HP CE305A LaserJet Negro ,0,0,False,{},,ingram,259832,129990,104990,,121366
30709,1861257,"Cable de 4,5m EstÃ©reo Delgado de 3,5mm",Startech.Com,MU15MMS,6.66,19,Cables,Cables y Adaptadores de Video,ok,True,1,19,19,Cable Audio Estéreo 3.5mm - 4.5m,0,0,False,{},,ingram,,,,,
32838,1861437,3m USB 2.0 A to B Cable - M/M,Startech.Com,USB2HAB3M,4.2,82,Cables,Cables y Adaptadores USB,ok,True,1,50,+50,Cable para Impresora USB A Macho a USB B Macho 3 mt,0,0,False,{},,ingram,,,,,
56100,1990079,HDMI VGA ADAPTER,Lenovo,0B47069,14.43,372,Cables,Cables y Adaptadores de Video,ok,True,1,100,+100,Adaptador HDMI a VGA - Negro,0,0,False,{},,ingram,,,,,
11934,2035404,CARTUCHO TINTA HP 662 NEGRO,Hp,CZ103AL,10.75,1713,Suministros y Medios,Suministros Inyección de Tinta,ok,True,1,100,+100,Cartucho de Tinta Original HP 662 Negro ,0,0,False,{},,ingram,260087,,28990,,32320
13196,2137544,TINTA HP 711 29 ML CIAN,Hp,CZ130A,31.38,156,Suministros y Medios,Suministros Inyección de Tinta,ok,True,1,100,+100,Cartucho de Tinta Original HP 711 Cyan / 29ml,0,0,False,{},,ingram,259767,40990,35698,40990,41300
12039,2328337,TINTA T195420-AL AMARILLO 210 PAG,Epson,T195420-AL,10.72,13,Suministros y Medios,Suministros Inyección de Tinta,ok,True,1,13,13,Cartucho de Tinta Original Epson T195420-AL Amarillo,0,0,False,{},,ingram,259801,13990,11900,13990,14108
13197,2137575,TINTA HP 711 29 ML MAGENTA,Hp,CZ131A,31.45,94,Suministros y Medios,Suministros Inyección de Tinta,ok,True,1,50,+50,Cartucho de Tinta Original HP 711 Magenta / 29ml,0,0,False,{},,ingram,259551,40990,35787,,40938
12951,2342714,T664 CYAN BOTTLE L200,Epson,T664220-AL,7.06,1398,Suministros y Medios,Suministros Inyección de Tinta,ok,True,1,100,+100,Botella de Tinta Original Epson T664220-AL Cyan ,0,0,False,{},,ingram,259504,8990,7900,9990,9136
12952,2342715,T664 MAGENTA BOTTLE L200,Epson,T664320-AL,7.06,1367,Suministros y Medios,Suministros Inyección de Tinta,ok,True,1,100,+100,Botella de Tinta Original Epson T664320-AL Magenta ,0,0,False,{},,ingram,259505,8990,7900,9990,9276
12956,2342716,T664 YELLOW BOTTLE L200,Epson,T664420-AL,7.06,1041,Suministros y Medios,Suministros Inyección de Tinta,ok,True,1,100,+100,Botella de Tinta Original Epson T664420-AL Amarillo ,0,0,False,{},,ingram,259502,8990,7900,9990,9333
8189,2396959,CARTUCHO DE TINTA PG-210 NEGRO,Canon,2974B017,16.09,164,Suministros y Medios,Suministros Láser,ok,True,1,100,+100,Cartucho de Tinta Original Canon PG-210 Negro,0,0,False,{},,ingram,259680,20990,18500,,21046
55821,2374416,LA VOYAGER 1200G USB BLACK KIT PERP W/ S,Honeywell,1200G-2USB-1,66.39,46,Productos POS/AIDC/Código de Barras,Escáners Portátiles (handheld),ok,True,1,30,+30,POS Lector código de barras 1200G,0,0,False,{},,ingram,,,,,
23391,2396960,CARTUCHO DE TINTA CL-211 XL COLOR,Canon,2975B017,21.72,25,Suministros y Medios,Suministros Láser,ok,True,1,100,+100,Cartucho de Tinta Original Canon CL-211 XL Color,0,0,False,{},,ingram,259682,26990,25984,26990,27469
8118,2396961,CARTUCHO DE TINTA CL-211 COLOR,Canon,2976B017,19.31,131,Suministros y Medios,Suministros Láser,ok,True,1,100,+100,Cartucho de Tinta Original Canon CL-211 Color,0,0,False,{},,ingram,259681,24990,23081,23990,25097
14024,2406546,CARTUCHO DE TINTA PGI-150 NEGRO,Canon,6500B001,9.65,268,Suministros y Medios,Suministros Inyección de Tinta,ok,True,1,100,+100,Cartucho de Tinta Original Canon PGI-150 Negro,0,0,False,{},,ingram,259646,12990,10490,12990,13094
14026,2406548,CARTUCHO DE TINTA CLI-151 CIAN,Canon,6529B001,8.85,15,Suministros y Medios,Suministros Inyección de Tinta,ok,True,1,100,+100,Cartucho de Tinta Original Canon CLI-151 Cyan,0,0,False,{},,ingram,259818,10990,10500,10990,11947
14027,2406549,CARTUCHO DE TINTA CLI-151 MAGENTA,Canon,6530B001,8.85,15,Suministros y Medios,Suministros Inyección de Tinta,ok,True,1,100,+100,Cartucho de Tinta Original Canon CLI-151 Magenta,0,0,False,{},,ingram,259817,10990,9590,10990,11606
20586,2427619,TINTA T693100 NEGRO FOTO 350ML,Epson,T693100,153.78,2,Suministros y Medios,Suministros para Plotters,ok,True,1,2,2,Tintas-Cartridge T693100 Photo Negro 82,0,0,False,{},,ingram,260189,209990,209990,,209990
14028,2406550,CARTUCHO DE TINTA CLI-151 AMARILLO,Canon,6531B001,8.85,32,Suministros y Medios,Suministros Inyección de Tinta,ok,True,1,100,+100,Cartucho de Tinta Original Canon CLI-151 Amarillo,0,0,False,{},,ingram,259643,10990,9590,10990,11516
20623,2427622,TINTA T693400 AMARILLO 350ML,Epson,T693400,153.78,1,Suministros y Medios,Suministros para Plotters,ok,True,1,1,1,Tintas-Cartridge T693400 Amarillo,0,0,False,{},,ingram,260187,209990,209990,,209990
30712,2463150,4 Port USB 3.0 Hub Laptop Expansion Hub,Startech.Com,ST4300MINU3B,21.76,13,Dispositivos de Red,ROMs de Inicio y Brackets,ok,True,1,13,13,HUB USB 3.0 Super Speed 4 Puertos,0,0,False,{},,ingram,,,,,
17146,2470845,CARTUCHO DE TINTA HP 971 CIAN 2500 PÃG,Hp,CN622AM,87.17,7,Suministros y Medios,Suministros Inyección de Tinta,ok,True,1,7,7,Cartucho de Tinta Original HP 971 Cyan ,0,0,False,{},,ingram,259560,110990,80990,,103288
16429,2470838,CARTUCHO TINTA HP 933 XL MAGENTA 825 PÃ,Hp,CN055AL,19.85,33,Suministros y Medios,Suministros Inyección de Tinta,ok,True,1,30,+30,Cartucho de Tinta Original HP 933 XL Magenta ,0,0,False,{},,ingram,260097,25990,22116,,25553
17147,2470846,CARTUCHO TINTA HP 971 MAGENTA 2500 PÃG,Hp,CN623AM,87.17,8,Suministros y Medios,Suministros Inyección de Tinta,ok,True,1,8,8,Cartucho de Tinta Original HP 971 Magenta ,0,0,False,{},,ingram,259562,110990,80990,,103111
33421,2481080,CAJA MANTENCION C33S020580,Epson,C33S020580,22.09,6,Productos POS/AIDC/Código de Barras,Suministros para Impresoras POS,ok,True,1,7,7,Tanque de Mantenimiento ColorWorks C3500 ,0,0,False,{},,ingram,,,,,
32813,2482478,6ft DisplayPort DP to VGA Adapter,Startech.Com,DP2VGAMM6B,26.56,8,Cables,Cables y Adaptadores USB,ok,True,1,8,8,Cable DisplayPort a VGA de 1.8 m - FHD 1080p,0,0,False,{},,ingram,,,,,
46409,2690205,APC SMART-UPS SRT 5000VA 230V,Apc,SRT5KXLI,2352.3,6,Protección Eléctrica y Racks,UPS,ok,True,1,6,6,UPS 5000VA/4500W Smart-UPS - On-Line,0,0,False,{},,ingram,66058,2749990,2619900,,2818591
55242,2690207,APC SMART-UPS SRT 6000VA 230V,Apc,SRT6KXLI,2664.6,14,Protección Eléctrica y Racks,UPS,ok,True,1,14,14,UPS APC SMART-UPS SRT 6000VA 230V,0,0,False,{},,ingram,66409,3099990,2967900,,3161027
19884,2839904,LS150 Campus Backpack Black 15.6IN,Kensington,K62617WW,20.76,10,Computadores Servidores y Notebooks,Bolsos y Mochilas p/Notebooks,ok,True,1,10,10,"Mochila para Notebook Campus 15.6"" - Negro  ",0,0,False,{},,ingram,,,,,
56099,2842835,WT425 - BLACK WIRELESS OPTICAL MOUSE,Asus,90XB0280-BMU000,17.08,126,Dispositivos de Entrada,Mouse,ok,True,1,100,+100,Mouse Inalámbrico WT425 - Negro,0,0,False,{},,ingram,271492,22990,19030,,20977
33823,2888307,TONER HP 508A CIAN 5000 PAG,Hp,CF361A,235.34,57,Suministros y Medios,Suministros Láser,ok,True,1,50,+50,Toner Original HP 508A Cyan ,0,0,False,{},,ingram,260927,289990,260825,,288527
18825,2864309,CARTUCHO TINTA HP 935XL MAGENTA 1000 PAG,Hp,C2P25AL,22.32,9,Suministros y Medios,Suministros Inyección de Tinta,ok,True,1,9,9,Cartucho de Tinta Original HP 935 XL Magenta ,0,0,False,{},,ingram,259784,27990,24868,,28834
33822,2888310,508A YELLOW LJ TONER CART-CF362A.,Hp,CF362A,235.33,55,Suministros y Medios,Suministros Láser,ok,True,1,50,+50,Toner Original HP 508A Amarillo ,0,0,False,{},,ingram,259774,289990,260814,,286484
33824,2888313,TONER HP 508A MAGENTA 5000 PAG,Hp,CF363A,235.16,47,Suministros y Medios,Suministros Láser,ok,True,1,30,+30,Toner Original HP 508A Magenta ,0,0,False,{},,ingram,259558,289990,260636,,283027
30714,3002943,USB-C to VGA Adapter Converter Dongle,Startech.Com,CDP2VGA,30.24,10,Cables,Cables y Adaptadores USB,ok,True,1,10,10,Adaptador USB-C a VGA negro,0,0,False,{},,ingram,,,,,
26487,2903796,1TB 6G SATA 3.5in NHP MDL HDD,Hewlett Packard Enterprise,801882-B21,275.9,5,Dispositivos de Almacenamiento,Discos Duros SATA,ok,True,1,4,4,Disco Server 1TB SATA 7.2K LFF RW HDD (ML30/MicroServer),0,0,False,{},,ingram,32807,329990,307397,,330465
33858,3021456,410A YELLOW LASERJET TONER CART CF412A,Hp,CF412A,134.91,47,Suministros y Medios,Suministros Láser,ok,True,1,30,+30,Toner Original HP 410A Amarillo ,0,0,False,{},,ingram,259557,162990,144600,,156884
21104,3053745,CARTUCHO DE TINTA PG-44 XL NEGRO,Canon,9060B001,16.74,240,Suministros y Medios,Suministros Inyección de Tinta,ok,True,1,100,+100,Cartucho de Tinta Original Canon PG-44 XL Negro,0,0,False,{},,ingram,259676,20990,20990,20990,22390
21105,3053746,CARTUCHO DE TINTA CL-54 XL COLOR,Canon,9065B001,16.09,306,Suministros y Medios,Suministros Inyección de Tinta,ok,True,1,100,+100,Cartucho de Tinta Original Canon CL-54 XL Color,0,0,False,{},,ingram,259675,20990,18500,,21071
21107,3053748,CARTUCHO DE TINTA PGI-1100 XL CIAN,Canon,9208B001,13.56,11,Suministros y Medios,Suministros Inyección de Tinta,ok,True,1,11,11,Cartucho de Tinta Original Canon PGI-1100XL Cyan,0,0,False,{},,ingram,259648,17990,16207,16990,17589
21141,3065078,CARTUCHO DE TINTA HP 46 NEGRO 1500 PÃG,Hp,CZ637AL,11.53,184,Suministros y Medios,Suministros Inyección de Tinta,ok,True,1,100,+100,Cartucho de Tinta Original HP 46 Negro ,0,0,False,{},,ingram,260069,14990,10490,14990,16760
21108,3053749,CARTUCHO DE TINTA PGI-1100 XL MAGENTA,Canon,9209B001,13.6,20,Suministros y Medios,Suministros Inyección de Tinta,ok,True,1,20,20,Cartucho de Tinta Original Canon PGI-1100XL Magenta,0,0,False,{},,ingram,259650,16990,16225,16990,17593
21519,3085417,TINTA T296320-AL MAGENTA 250 PAG,Epson,T296320-AL,12.82,7,Suministros y Medios,Suministros Inyección de Tinta,ok,True,1,7,7,Cartucho de Tinta Original Epson T296320-AL Magenta,0,0,False,{},,ingram,259947,15990,14500,15990,16006
1412,3156685,CARTUCHO DE TINTA PG-40 NEGRO,Canon,0615B050,18.23,127,Suministros y Medios,Suministros Inyección de Tinta,ok,True,1,100,+100,Cartucho de Tinta Original Canon PG-40 Negro,0,0,False,{},,ingram,259299,22990,20711,22990,23898
21091,3065081,CARTUCHO TINTA HP 664 NEGRO,Hp,F6V29AL,10.74,2805,Suministros y Medios,Suministros Inyección de Tinta,ok,True,1,100,+100,Cartucho de Tinta Original HP 664 Negro ,0,0,False,{},,ingram,259889,13990,11966,16990,14638
39126,3161084,LASERJET PRO IMP M501DN B/N 45 PPM A4,Hp,J8H61A,305.52,49,Impresoras,Impresoras Láser/LED monocromáticas,ok,True,1,30,+30,Impresora Láser Blanco y Negro LaserJet  M501dn Ethernet / Dúplex,0,0,False,{},,ingram,28001,359990,342137,,370549
1414,3156686,CARTUCHO DE TINTA CL-41 COLOR,Canon,0617B050,20.85,79,Suministros y Medios,Suministros Láser,ok,True,1,50,+50,Cartucho de Tinta Original Canon CL-41 Color,0,0,False,{},,ingram,260271,26990,23990,25990,26205
47250,3331467,Aruba 2930F 24G PoE+ 4SFP Swch,Hewlett Packard Enterprise,JL261A,1349.0,34,Dispositivos de Red,Switches Standalone,ok,True,1,30,+30,Aruba 2930F 24G PoE+ 4SFP Swch,0,0,False,{},,ingram,379534,1619990,1538900,,1620975
31724,3407116,HPE 1TB SATA 7.2K LFF LP HDD,Hewlett Packard Enterprise,861686-B21,316.6,1,Dispositivos de Almacenamiento,Discos Duros SATA,ok,True,1,1,1,Disco Server 1TB SATA 7.2K LFF LP DS HDD (ML110),0,0,False,{},,ingram,46471,379990,352743,,377268
56188,3417087,APC Smart-UPS SRT 192V 8kVA and 10kVA Ba,Apc,SRT192BP2,1882.6,4,Protección Eléctrica y Racks,UPS,ok,True,1,4,4,APC Smart-UPS SRT 192V 8kVA and 10kVA Ba,0,0,False,{},,ingram,,,,,
37495,3418938,Replicador de Puertos USBC a HDMI Blanco,Startech.Com,CDP2HDUACPW,80.76,33,Dispositivos de Entrada/Salida,Conmutadores para dispositivos USB,ok,True,1,30,+30,Adaptador Multipuerto de USB-C a HDMI,0,0,False,{},,ingram,,,,,
54937,3516265,Soporte Techo para TV 32 a 75IN,Startech.Com,FLATPNLCEIL,177.34,3,Pantallas,"Brazos, Pedestales, Montaje p/Monitores",ok,True,1,3,3,Soporte Techo para TV 32 a 75IN,0,0,False,{},,ingram,,,,,
33029,3444382,CINTA TZERN34,Brother,TZERN34,7.84,1,Suministros y Medios,Suministros Matriz de Punto,ok,True,1,1,1,Cinta satinada de tela Azul-Texto dorado  TZe-RN34 12mm / 4m (Ancho / Largo),0,0,False,{},,ingram,,,,,
32732,3444314,CINTA TZEMPPH31,Brother,TZEMPPH31,7.35,1,Suministros y Medios,Suministros Matriz de Punto,ok,True,1,1,1,Cinta diseño corazones TZe-MPPH31  12mm / 4m (Ancho / Largo) ,0,0,False,{},,ingram,,,,,
56097,3542833,BASE MONITOR SPIN2 NG 24 IN K52787WW,Kensington,K52787WW,23.24,72,Pantallas,"Brazos, Pedestales, Montaje p/Monitores",ok,True,1,50,+50,"Base para Notebook SmartFit Spin2 hasta 24"" - Negro",0,0,False,{},,ingram,,,,,
55862,3650664,UPS SRT 3000VA 230V,Apc,SRT3000XLI,1998.2,5,Protección Eléctrica y Racks,Administración UPS,ok,True,1,5,5,UPS APC SRT3000XLI Smart-UPS Online 3000VA,0,0,False,{},,ingram,66056,2349990,2226328,,2364015
54969,3694741,HPE MSA 16GB SW FC SFP 4PK XCVR,Hewlett Packard Enterprise,C8R24B,972.6,2,Dispositivos de Red,Transceivers,ok,True,1,2,2,HPE MSA 16GB SW FC SFP 4PK XCVR,0,0,False,{},,ingram,,,,,
35532,3606223,BANDEJA LT340CL,Brother,LT340CL,156.65,1,Impresoras,"Bandejas, Cajones y Alimentadores Sobre",ok,True,1,1,1,Bandeja de Papel adicional 500 hojas  MFC-L8900CDW,0,0,False,{},,ingram,,,,,
54972,3694742,HPE MSA 10GB SR ISCSI SFP 4PK XCVR,Hewlett Packard Enterprise,C8R25B,759.9,1,Dispositivos de Red,Transceivers,ok,True,1,1,1,HPE MSA 10GB SR ISCSI SFP 4PK XCVR,0,0,False,{},,ingram,,,,,
26241,3695095,ETIQUETA DK2251,Brother,DK2251,18.75,31,Suministros y Medios,Etiquetas y Aplicadores,ok,True,1,30,+30,"Cinta fondo blanco-Texto rojo/negro DK-2251 62mm / 15,2m (Ancho / Largo) ",0,0,False,{},,ingram,,,,,
55878,3745092,ADATA DRUABLE HD650 2TB (BLACK),Adata Technology,AHD650-2TU31-CBK,99.49,462,Dispositivos de Almacenamiento,Discos Duros USB,ok,True,1,100,+100,Disco Externo HD650 2 TB,0,0,False,{},,ingram,31365,119990,107500,,124852
55018,3962915,TONER HP 202A CYAN,Hp,CF501A,87.01,35,Suministros y Medios,Suministros Láser,ok,True,1,30,+30,Toner Original HP 202A Cyan ,0,0,False,{},,ingram,259854,109990,93500,,103180
55802,3985146,Docking Station USB 3.0 2x HDMI VGA/DVI,Startech.Com,DK30ADD,169.9,43,Computadores Servidores y Notebooks,Dockings y Pedestales p/Notebooks,ok,True,1,30,+30,Docking Station USB 3.0 2x HDMI VGA/DVI,0,0,False,{},,ingram,,,,,
28954,3962922,TONER HP 204A CIAN 900 PAG,Hp,CF511A,62.96,7,Suministros y Medios,Suministros Láser,ok,True,1,7,7,Toner Original HP 204A LaserJet Cyan ,0,0,False,{},,ingram,259769,79990,49995,,77578
55318,4011437,Digital Sender Flow 8500 fn2 Scanner,Hp,L2762A,2178.5,4,Cámaras y Escáners,Escáners para el Hogar/Oficina,ok,True,1,4,4,Escaner Digital Sender Flow 8500 fn2,0,0,False,{},,ingram,,,,,
23390,4020197,CARTUCHO DE TINTA PG-210 XL NEGRO,Canon,2973B017,18.51,44,Suministros y Medios,Suministros Inyección de Tinta,ok,True,1,100,+100,Cartucho de Tinta Original Canon PG-210 XL Negro,0,0,False,{},,ingram,259683,23990,19900,23990,23950
34754,4041375,GXT 350 Radius 7 1 Surround Headset,Trust,22052,18.61,249,Video Juegos y Consolas,Otros Accesorios para Videojuegos,ok,True,1,100,+100,Audífono Gamer GXT 350 Radius 7.1 Surround,0,0,False,{},,ingram,56889,22990,9990,,21423
54955,4097380,Aruba 10G SFP+ LC SR 300m MMF XCVR,Aruba,J9150D,696.46,2,Dispositivos de Red,Transceivers,ok,True,1,2,2,Aruba 10G SFP+ LC SR 300m MMF XCVR,0,0,False,{},,ingram,,,,,
54951,4124698,Aruba 1G SFP LC LX 10km SMF XCVR,Aruba,J4859D,245.01,20,Dispositivos de Red,Transceivers,ok,True,1,20,20,Aruba 1G SFP LC LX 10km SMF XCVR,0,0,False,{},,ingram,,,,,
56544,4308743,APC Smart-UPS 2200VA LCD RM 2U 230V with,Apc,SMT2200RMI2UC,1283.5,1,Protección Eléctrica y Racks,UPS,ok,True,1,1,1,APC Smart-UPS 2200VA LCD RM 2U 230V with,0,0,False,{},,ingram,115593,1349990,1217199,,1271146
54981,4321407,Adaptador Universal USB Black,Urbano Design,UD-ACCH00,11.92,582,Comunicaciones,Accesorios de Energía para teléfonos,ok,True,1,100,+100,Adaptador para viajes Urbano Design Negro,0,0,False,{},,ingram,,,,,
54913,4308298,HDMI Splitter - 4 Port - 4K 60Hz,Startech.Com,ST124HD202,98.18,10,Dispositivos de Entrada/Salida,Dispositivos de Extensión de Audio y Aud,ok,True,1,9,9,Splitter HDMI 4 Puertos - 4K 60Hz,0,0,False,{},,ingram,,,,,
41378,4306290,LINKSYS VELOP WHW0101 AC3900 3PK,Linksys,WHW0103,85.73,45,Dispositivos de Red,Componentes para Router,ok,True,1,30,+30,Router Mesh Velop 3900 (3-Pack),0,0,False,{},,ingram,375407,99990,95517,,105039
31612,4373231,TONER TN213M MAGENTA,Brother,TN213M,56.43,24,Suministros y Medios,Suministros Láser,ok,True,1,21,21,Toner Original Brother TN-213 Magenta,0,0,False,{},,ingram,259715,69990,61791,69990,68486
54979,4417821,Wireless Charger Base Black,Urbano Design,UD-BANK32,6.0,2232,Comunicaciones,Otros Accesorios y Cables telefónicos,ok,True,1,100,+100,Base de Carga Inalámbrica Negro Urbano Design ,0,0,False,{},,ingram,,,,,
34021,4461371,BOLSA T941320-AL MAGENTA 5K PAG,Epson,T941320-AL,43.32,49,Suministros y Medios,Suministros Inyección de Tinta,ok,True,1,23,23,Bolsa-Tinta Magenta T941,0,0,False,{},,ingram,259811,53990,48030,52990,53136
34020,4461370,BOLSA T941220-AL CIAN 5K PAG,Epson,T941220-AL,43.32,52,Suministros y Medios,Suministros Inyección de Tinta,ok,True,1,25,25,Bolsa-Tinta Cyan T941,0,0,False,{},,ingram,259689,53990,48585,55990,52935
34019,4461369,BOLSA T941120-AL NEGRO 5K PAG,Epson,T941120-AL,28.3,86,Suministros y Medios,Suministros Inyección de Tinta,ok,True,1,50,+50,Bolsa-Tinta Negra T941,0,0,False,{},,ingram,259690,35990,30468,36990,36766
34022,4461372,BOLSA T941420-AL AMARILLO 5K PAG,Epson,T941420-AL,43.32,66,Suministros y Medios,Suministros Inyección de Tinta,ok,True,1,30,+30,Bolsa-Tinta Amarillo T941,0,0,False,{},,ingram,259687,53990,46842,52990,51803
48849,4489382,DS-970 ESCANER DE DOCUMENTOS 85 PPM,Epson,B11B251201,926.7,6,Cámaras y Escáners,Escáners para el Hogar/Oficina,ok,True,1,5,5,Escaner DS-970 ,0,0,False,{},,ingram,,,,,
56782,4490177,LASERJET MNG MFP E62655DN B/N 55PPM A4,Hp,3GY14A,1711.5,42,Impresoras,Multifuncionales Láser Color,ok,True,1,30,+30,Multifuncional Láser Blanco y Negro Laserjet Managed E62655Dn,0,0,False,{},,ingram,68079,1999990,1906876,,2027731
35078,4492534,HP 104A Blk Laser Imaging Drum,Hp,W1104A,64.65,13,Suministros y Medios,Suministros Láser,ok,True,1,13,13,Tambor original HP 104A,0,0,False,{},,ingram,,,,,
39130,4489655,TÃ#NER HP 58X NEGRO 10000 PÃG,Hp,CF258X,245.58,35,Suministros y Medios,Suministros Láser,ok,True,1,30,+30,Toner Original HP 58X Negro,0,0,False,{},,ingram,260100,289990,239000,,275219
35773,4509536,Enclosure - M.2 NVMe SSD for PCIe SSDs,Startech.Com,M2E1BMU31C,73.59,1,Dispositivos de Almacenamiento,Racks Discos,ok,True,1,1,1,Cofre M.2 NVMe SSD para PCIe SSD,0,0,False,{},,ingram,,,,,
27776,4496109,SANDISK ULTRA MICRO SD HC 16GB CLASS 10,Western Digital,SDSQUNS-016G-GN3MA,9.55,1921,Dispositivos de Almacenamiento,Tarjetas de Memoria Flash,ok,True,1,100,+100,Memoria 16GB microSDHC (80MB/s) UHS-I U1 Ultra v1,0,0,False,{},,ingram,43688,12990,11990,12990,13096
33818,4512857,TONER HP 26X NEGRO 9000 PAG,Hp,CF226X,240.58,25,Suministros y Medios,Suministros Láser,ok,True,1,25,25,Toner Original HP 26X LaserJet Negro,0,0,False,{},,ingram,259616,299990,203990,,276439
33767,4529067,MEMORIA MICROSDXC NINTENDO SWITCH 128GB,Western Digital,SDSQXAO-128G-GNCZN,30.82,261,Dispositivos de Almacenamiento,Tarjetas de Memoria Flash,ok,True,1,100,+100,Memoria 128GB MicroSDXC para Nintendo Switch™ - Mario Edition,0,0,False,{},,ingram,58892,39990,35392,47990,40737
34087,4520430,M1120 ECOTANK B/N A4 32 PPM,Epson,C11CG96303,177.49,9,Impresoras,Impresoras de Inyección de Tinta,ok,True,1,6,6,Impresora Tinta Continua Blanco y Negro EcoTank M1120 WiFi - Direct / Ethernet ,0,0,False,{},,ingram,61927,209990,184990,236490,204335
35742,4595063,DISCO EXTERNO GAMING NEGRO P10 4TB 2.5,Western Digital,WDBA3A0040BBK-WESN,170.38,36,Dispositivos de Almacenamiento,Discos Duros USB,ok,True,1,30,+30,Disco Externo 4TB WD_Black P10 Game Drive,0,0,False,{},,ingram,72725,199990,189831,,200516
40240,4547037,BACK UPS PRO BR 1200VA,Apc,BR1200SI,332.78,10,Protección Eléctrica y Racks,UPS,ok,True,1,5,5,UPS 1200VA/720W Back UPS Pro Sinewave - Interactiva,0,0,False,{},,ingram,94419,399990,278900,,357041
56581,4595275,M3180 B/N ECOTANK 39 PPM A4,Epson,C11CG93303,414.05,10,Impresoras,Impresoras de Inyección de Tinta,ok,True,1,10,10,Multifuncional Tinta continua EcoTank M3180 WiFi-Direct/Ethernet/Dúplex,0,0,False,{},,ingram,72602,479990,449900,,474256
34600,4619482,WIRED MOUSE HP 1000,Hp,4QM14AA#ABL,7.63,448,Dispositivos de Entrada,Mouse,ok,True,1,100,+100,Mouse Wired 1000 USB Negro,0,0,False,{},,ingram,,,,,
55820,4608746,DS4608-SR BLACK WITH STAND USB KIT DS460,Zebra,DS4608-SR7U2100SGW,138.79,30,Productos POS/AIDC/Código de Barras,Escáners Portátiles (handheld),ok,True,1,30,+30,Lector de Barra DS4608-SR,0,0,False,{},,ingram,,,,,
33415,4621746,KIT MANTENCION T3170 T5170 F570,Gateway,C13S210057,32.73,8,Suministros y Medios,Suministros para Plotters,ok,True,1,3,3,Tanque de Mantenimiento SCTX170,0,0,False,{},,ingram,,,,,
52536,4633034,NA-LA USB Kit: Omni-directional 1D PDF,Honeywell,1472G2D-2USB-5-N,200.47,27,Productos POS/AIDC/Código de Barras,Escáners Portátiles (handheld),ok,True,1,21,21,POS Lector código de barras pórtatil 1D/2D,0,0,False,{},,ingram,,,,,
55251,4642340,LIEBERT GXT5 ON-LINE 2000VA 230V,Vertiv,GXT5-2000IRT2UXL,795.81,27,Protección Eléctrica y Racks,UPS,ok,True,1,27,27,UPS Liebert GXT5 2000VA Doble Conversión 230V Rack/Torre,0,0,False,{},,ingram,113390,949990,886661,,946048
36125,4695019,MULTIFUNCIONAL COLOR PIXMA G 6010,Canon,3113C005,187.28,21,Impresoras,Multifuncionales Inkjet,ok,True,1,21,21,Multifuncional Tinta Continua Pixma G6010 Ethernet / WiFi / Dúplex,0,0,False,{},,ingram,67240,219990,209900,219990,221328
56092,4643052,P020 POLY TC8 W/G7500 STUDIO,Poly,2200-30760-001,598.62,1,Comunicaciones,Sistemas de Conferencia multipartita y G,ok,True,1,1,1,"Controlador táctil 8"" TC8 ",0,0,False,{},,ingram,,,,,
40250,4802906,Easy PDU Basic ZeroU 16A 230V (20)C13 an,Apc,EPDU1116B,165.03,9,Protección Eléctrica y Racks,PDUs y Componentes,ok,True,1,7,7,PDU Easy Basic ZeroU / 16A / 230V / (20)C13 & (4)C19 / IEC309,0,0,False,{},,ingram,,,,,
35344,4865924,BOTELLA DE TINTA GI-10 NEGRO,Canon,3382C001,12.06,255,Suministros y Medios,Suministros Inyección de Tinta,ok,True,1,100,+100,Botella de Tinta Original Canon GI-10PG Negro,0,0,False,{},,ingram,259819,15990,14424,14990,15720
36872,4865925,BOTELLA DE TINTA GI-10 CIAN,Canon,3391C001,10.86,76,Suministros y Medios,Suministros Inyección de Tinta,ok,True,1,100,+100,Botella de Tinta Original Canon GI-10 Cyan,0,0,False,{},,ingram,259520,13990,12625,13490,14100
36873,4865926,BOTELLA DE TINTA GI-10 MAGENTA,Canon,3392C001,10.86,166,Suministros y Medios,Suministros Inyección de Tinta,ok,True,1,100,+100,Botella de Tinta Original Canon GI-10 Magenta,0,0,False,{},,ingram,259522,13990,12625,13490,14084
36874,4865927,BOTELLA DE TINTA GI-10 AMARILLO,Canon,3393C001,10.86,189,Suministros y Medios,Suministros Inyección de Tinta,ok,True,1,100,+100,Botella de Tinta Original Canon GI-10 Amarillo,0,0,False,{},,ingram,259523,13990,12619,13990,14117
40529,4888130,CARTUCHO TINTA HP 667 TRICOLOR,Hp,3YM78AL,10.48,8852,Suministros y Medios,Suministros Inyección de Tinta,ok,True,1,100,+100,Cartucho de Tinta Original HP  667 Tricolor,0,0,False,{},,ingram,259480,13990,11676,14990,14398
40530,4888131,CARTUCHO TINTA HP 667 NEGRO,Hp,3YM79AL,10.49,8197,Suministros y Medios,Suministros Inyección de Tinta,ok,True,1,100,+100,Cartucho de Tinta Original HP  667 Negro,0,0,False,{},,ingram,260091,,29990,,32487
56633,4967016,"Catalyst 9200L 48-port PoE+, 4 x 1G, Ne",Cisco,C9200L-48P-4G-E,4841.3,7,Dispositivos de Red,Switches Estaqueables,ok,True,1,5,5,Switch Cisco Catalyst C9200L 48 Puertos PoE 10/100/1000 Mbps,0,0,False,{},,ingram,381042,,,,
39052,4988541,TINTA HP712 29 ML CIAN,Hp,3ED67A,24.05,467,Suministros y Medios,Suministros Inyección de Tinta,ok,True,1,100,+100,Cartucho de Tinta Original HP  712 Cyan / 29ml,0,0,False,{},,ingram,259541,29990,27364,,31784
56133,4967184,GT 730 ZONE Edition 4GB,Zotac,ZT-71115-20L,91.83,90,Componentes de Sistema,Tarjetas Gráficas nVidia,ok,True,1,50,+50,Tarjeta de Video GT 730 ZONE Edition 4GB,0,0,False,{},,ingram,20186,109990,104900,,108187
39054,4988543,TINTA HP712 29 ML AMARILLO,Hp,3ED69A,24.05,358,Suministros y Medios,Suministros Inyección de Tinta,ok,True,1,100,+100,Cartucho de Tinta Original HP 712 Amarillo / 29ml,0,0,False,{},,ingram,259779,29990,27375,31990,32752
54961,5017243,AP-POE-ATSR 1P SR 802.3AT 30W MIDSPAN,Hewlett Packard Enterprise,R6P67A,75.21,4,Dispositivos de Red,Cables y Componentes inalámbricos,ok,True,1,4,4,AP-POE-ATSR 1P SR 802.3AT 30W MIDSPAN,0,0,False,{},,ingram,,,,,
39053,4988542,TINTA HP712 29ML MAGENTA,Hp,3ED68A,24.06,519,Suministros y Medios,Suministros Inyección de Tinta,ok,True,1,100,+100,Cartucho de Tinta Original HP 712 Magenta / 29ml,0,0,False,{},,ingram,259544,29990,27375,36990,32434
39051,4988544,TINTA HP712 38 ML NEGRO,Hp,3ED70A,28.88,478,Suministros y Medios,Suministros Inyección de Tinta,ok,True,1,100,+100,Cartucho de Tinta Original HP 712 Negro / 38ml,0,0,False,{},,ingram,259539,35590,32845,42990,39154
54909,5022520,GXT160 TURE MOUSE,Trust,22332,15.46,653,Dispositivos de Entrada,Mouse,ok,True,1,100,+100,Mouse Gamer Alámbrico GXT 160 Ture RGB - Negro,0,0,False,{},,ingram,72873,19990,17345,19990,19902
39183,5035734,DISCO EXTERNO CANVIO GAMING 2TB,Toshiba,HDTX120XK3AA,93.2,10,Dispositivos de Almacenamiento,Discos Duros USB,ok,True,1,9,9,"Disco Externo 2TB 2.5"" Canvio Gaming",0,0,False,{},,ingram,92132,109990,107900,129990,114261
40435,5063220,CABEZAL NEGRO BOTELLA TINTA GI-190 NEGRO,Canon,0692C004,32.18,6,Suministros y Medios,Suministros Inyección de Tinta,ok,True,1,3,3,Combo Cabezal Negro + Botella Tinta Negra  (BH-1 + GI-190 BK),0,0,False,{},,ingram,259700,42990,37664,,41001
40436,5063221,KIT CABEZAL NEGRO CABEZAL COLOR,Canon,0692C005,48.28,188,Suministros y Medios,Suministros Inyección de Tinta,ok,True,1,100,+100,Combo Cabezal Negro + Cabezal Color (BH-1 + CH-1),0,0,False,{},,ingram,270642,,57627,,58242
54980,5083024,Kids Wired Headphone (6-9),Vivitar,MZX4200-APRDESP-6,7.37,327,Comunicaciones,Cintillos telefónicos,ok,True,1,100,+100,Audifonos Headset Kids Vivitar 3.5 mm,0,0,False,{},,ingram,,,,,
54990,5137455,LJ Mngd E40040dn Printer,Hp,3PZ35A,210.43,41,Impresoras,Impresoras Láser/LED color,ok,True,1,30,+30,Impresora Láser Blanco y Negro LaserJet Managed E40040dn,0,0,False,{},,ingram,117285,249990,234453,,244309
52461,5094338,Wireless Router Wifi 6 1800,Linksys,E7350,110.0,14,Dispositivos de Red,Routers y Gateways inalámbricos,ok,True,1,15,15,Router Linksys E7350 AX1800 Dual Band,0,0,False,{},,ingram,,,,,
56054,5140508,Laser projector WUXGA 6000 ansi lumen,Viewsonic,LS920WU,2599.3,1,Dispositivos Audio/Video,Proyectores LCD,ok,True,1,1,1,"Proyector ViewSonic LS920WU, WUXGA, 6000 Lúmenes",0,0,False,{},,ingram,280681,3029990,3029990,,3355714
40442,5148499,GI-11 Cyan,Canon,4534C001,9.65,64,Suministros y Medios,Suministros Inyección de Tinta,ok,True,1,100,+100,Botella de Tinta Original Canon GI-11 Cyan,0,0,False,{},,ingram,259529,11990,7990,11990,12461
40441,5148498,GI-11 Black,Canon,4525C001,10.45,308,Suministros y Medios,Suministros Inyección de Tinta,ok,True,1,100,+100,Botella de Tinta Original Canon GI-11 Negro Pigmentado,0,0,False,{},,ingram,259530,13990,11990,14990,14090
40443,5148500,GI-11 Magenta,Canon,4535C001,9.65,71,Suministros y Medios,Suministros Inyección de Tinta,ok,True,1,100,+100,Botella de Tinta Original Canon GI-11 Magenta,0,0,False,{},,ingram,259699,11990,10990,11990,12763
56034,5177633,GXT748 CONTROLLER SKIN PS5 -BLUE,Trust,24171,5.34,68,Video Juegos y Consolas,Joysticks,ok,True,1,50,+50,GXT748 CONTROLLER SKIN PS5 -BLUE,0,0,False,{},,ingram,,,,,
40444,5148501,GI-11 Yellow,Canon,4536C001,9.65,170,Suministros y Medios,Suministros Inyección de Tinta,ok,True,1,100,+100,Botella de Tinta Original Canon GI-11 Amarillo,0,0,False,{},,ingram,259528,11990,7990,11990,12557
43161,5190691,SCANNER WORKFORCE ES-400II,Epson,B11B261201,397.71,22,Cámaras y Escáners,Escáners para el Hogar/Oficina,ok,True,1,18,18,Escaner Dúplex Workforce ES-400 II,0,0,False,{},,ingram,,,,,
55275,5217737,HPE MR416i-a Gen10+ Controller,Hewlett Packard Enterprise,P26279-B21,2286.9,2,Dispositivos de Almacenamiento,Controladoras de Disco SAS RAID,ok,True,1,2,2,Server HPE MR416i-a Gen10+ Controller,0,0,False,{},,ingram,,,,,
55239,5217947,HPE 3.84TB SATA MU SFF BC MV SSD,Hewlett Packard Enterprise,P40505-B21,22422.0,12,Dispositivos de Almacenamiento,Discos de Estado Sólido SATA (SSD),ok,True,1,12,12,Disco Server HPE 3.84TB SATA MU SFF BC MV SSD,0,0,False,{},,ingram,215427,25799990,24981725,,26449935
55243,5217953,HPE 1.92TB SAS MU SFF BC VS MV SSD,Hewlett Packard Enterprise,P40511-B21,11463.0,20,Dispositivos de Almacenamiento,Discos Sólidos SAS (SSD),ok,True,1,20,20,Disco Server STOK HPE 1.92TB SAS MU SFF BC VS MV SSD,0,0,False,{},,ingram,208859,13199990,12771965,,13637845
55866,5217952,HPE 960GB SAS MU SFF BC VS MV SSD,Hewlett Packard Enterprise,P40510-B21,5745.1,7,Dispositivos de Almacenamiento,Discos Sólidos SAS (SSD),ok,True,1,7,7,HPE 960GB SAS MU SFF BC VS MV SSD,0,0,False,{},,ingram,145565,6699990,2067990,,6090044
42552,5240657,BOTELLA T554120-AL L8160/L8180 NG,Epson,T554120-AL,18.52,162,Suministros y Medios,Suministros Inyección de Tinta,ok,True,1,100,+100,Botella de Tinta Original Epson T554120-AL Negro Pigmentado,0,0,False,{},,ingram,259894,22990,20789,25990,23859
54113,5241198,POWERLITE 118 3LCD 3800 Lumenes XGA,Epson,V11HA03020,676.07,2,Dispositivos Audio/Video,Proyectores LCD,ok,True,1,2,2,POWERLITE 118 3LCD 3800 Lumenes XGA,0,0,False,{},,ingram,271087,799990,409900,409990,676131
56867,5274438,MONITOR VA2715-2K 27IN,Viewsonic,VA2715-2K-MHD,105.69,732,Pantallas,Monitores LCD/LED,ok,True,1,100,+100,MONITOR  VA2715-2K   27IN,0,0,False,{},,ingram,385649,129990,121706,,132869
46704,5264886,HP 15 ReversP Blk/Slv Sleeve,Hp,2F2K5AA,8.97,1253,Computadores Servidores y Notebooks,Bolsos y Mochilas p/Notebooks,ok,True,1,100,+100,"Funda Protectora Reversible para Notebook 15"" Negro/Plata",0,0,False,{},,ingram,,,,,
55853,5290800,INT XEON-S 4314 CPU FOR HPE,Hewlett Packard Enterprise,P36922-B21,1071.4,3,Componentes de Sistema,Procesadores Intel,ok,True,1,3,3,CPU Intel XEON Silver 4314 CPU FOR HPE,0,0,False,{},,ingram,,,,,
42909,5276446,GI-16 NEGRA,Canon,4408C001,25.24,486,Suministros y Medios,Suministros Inyección de Tinta,ok,True,1,100,+100,Botella de Tinta Original Canon GI-16 Negro,0,0,False,{},,ingram,259697,32990,28970,,33147
53753,5315925,QUICKSCAN LITE 2500 2D IMAGER KIT W/ USB,Datalogic,QW2520-BKK1S,63.43,54,Productos POS/AIDC/Código de Barras,Escáners Portátiles (handheld),ok,True,1,50,+50,POS Lector Código De Barra QuickScan 2D Lite 2500 ,0,0,False,{},,ingram,,,,,
55339,5344776,PIXMA G 4110 WIFI-ADF-FAX,Canon,2316C005,170.85,32,Impresoras,Multifuncionales Inkjet,ok,True,1,22,22,Multifuncional tinta Continua PIXMA G4110 WiFi / ADF,0,0,False,{},,ingram,52052,209990,175990,,204005
55478,5374864,Desk Mount Monitor Arm for 32in Display,Startech.Com,ARMPIVOTE2,113.74,5,Pantallas,"Brazos, Pedestales, Montaje p/Monitores",ok,True,1,2,2,"Soporte Monitor StarTech de 2 Articulaciones, VESA hasta 32""",0,0,False,{},,ingram,,,,,
55824,5375871,"TRIO C60,POE,CALA",Poly,2200-86610-025,688.09,1,Comunicaciones,Unidades de Audio Conferencia,ok,True,1,1,1,"Micrófono para Conferencias Poly Trio C60, HD, 1x RJ-45, 1x USB, Wi-Fi",0,0,False,{},,ingram,,,,,
54920,5452131,HEADPHONE MONO WITH USB MICROPONE K80100,Kensington,K80100WW,9.69,34,Dispositivos Audio/Video,Combos Micrófono+Cintillo/audífono p/PCs,ok,True,1,30,+30,Audifonos Mono con micrófono Kensington USB ,0,0,False,{},,ingram,149890,12990,8990,12990,12497
53222,5455010,PROYECTOR BENQ MW826STH DE TIRO CORTO,Benq,9H.JMW77.13L,618.73,20,Dispositivos Audio/Video,Proyectores DLP,ok,True,1,20,20,"Proyector BenQ MW826STH, WXGA, DLP, 3500 Lúmenes, Lámpara UHP, HDMI",0,0,False,{},,ingram,262881,729990,721696,,744309
54960,5465421,C9120AX INTERNAL 802.11AX 4X4 4 MIMO IOT,Cisco,C9120AXI-A,1354.5,9,Dispositivos de Red,Access Points (AP) inalámbricos,ok,True,1,9,9,C9120AX INTERNAL 802.11AX 4X4 4 MIMO IOT,0,0,False,{},,ingram,381631,2099990,1982900,,2087476
52891,5500686,MERAKI MR36 WI FI 6 INDOOR AP,Cisco,MR36-HW,821.48,2,Dispositivos de Red,Access Points (AP) inalámbricos,ok,True,1,22,22,Access Point Cisco Meraki MR36,0,0,False,{},,ingram,378689,,1063251,,1063251
56635,5500687,MERAKI MR44 WIFI 6 INDOOR,Cisco,MR44-HW,1286.9,5,Dispositivos de Red,Access Points (AP) inalámbricos,ok,True,1,5,5,Access Point Cisco Meraki MR44 Wifi 6 Interior PoE 5GHz,0,0,False,{},,ingram,385644,1499990,1481900,,1537302
47646,5501630,AX3600 MU-MIMO CLOUD MANAGED INDOOR AP,Linksys,LAPAX3600C,267.96,2,Dispositivos de Red,Access Points (AP) inalámbricos,ok,True,1,2,2,Access Point  Wifi 6 Linksys LAPAX3600C,0,0,False,{},,ingram,381127,329990,298551,,382673
46746,5505023,R7-5700X 4.60GHZ 8 CORE SKT AM4 36MB 65W,Amd,100-100000926WOF,201.52,82,Componentes de Sistema,Procesadores AMD,ok,True,1,50,+50,CPU AMD Ryzen 7 5700X (AM4),0,0,False,{},,ingram,135977,239990,208800,229900,228189
40439,5505947,BH-10 + GI-11 NEGRO,Canon,3418C006,46.78,34,Suministros y Medios,Suministros Inyección de Tinta,ok,True,1,30,+30,Combo Cabezal Negro + Botella Tinta Negra Pigmantada (BH-10 + GI-11PGBK),0,0,False,{},,ingram,261282,,55835,,60160
56096,5503742,DELL ECOLOOP PRO MOCHILA 15 - CP5723,Dell,DELL-CP5723,36.99,62,Computadores Servidores y Notebooks,Bolsos y Mochilas p/Notebooks,ok,True,1,30,+30,"Mochila Pro Plus EcoLoop 14""-16""",0,0,False,{},,ingram,,,,,
44158,5505950,GI-13 CYAN,Canon,4668C001,12.87,8,Suministros y Medios,Suministros Inyección de Tinta,ok,True,1,8,8,Botella de Tinta Original Canon GI-13 Cyan,0,0,False,{},,ingram,259343,15990,15990,17990,17240
44159,5505951,GI-13 MAGENTA,Canon,4669C001,12.87,40,Suministros y Medios,Suministros Inyección de Tinta,ok,True,1,30,+30,Botella de Tinta Original Canon GI-13 Magenta,0,0,False,{},,ingram,259342,15990,15989,17990,17031
44162,5505954,GI-13 GRIS,Canon,4704C001,12.87,19,Suministros y Medios,Suministros Inyección de Tinta,ok,True,1,19,19,Botella de Tinta Original Canon GI-13 Gris,0,0,False,{},,ingram,259820,15990,15990,,17406
44163,5505965,GI-13 ROJO,Canon,4713C001,12.86,40,Suministros y Medios,Suministros Inyección de Tinta,ok,True,1,30,+30,Botella de Tinta Original Canon GI-13 Rojo,0,0,False,{},,ingram,259339,15990,15990,17990,17240
56494,5505998,"Scanner ADS4900W Wifi, Velocidad 60 ppm",Brother,ADS4900W,628.07,10,Cámaras y Escáners,Escáners para el Hogar/Oficina,ok,True,1,9,9,Escaner ADS4900W Dúplex,0,0,False,{},,ingram,,,,,
45884,5548642,LC402BKS REND 550 PAGS. MFCJ6740DW,Brother,LC402BKS,17.46,116,Suministros y Medios,Suministros Inyección de Tinta,ok,True,1,30,+30,Cartucho de Tinta Original Brother LC402BKS Negro,0,0,False,{},,ingram,259706,21990,19342,21990,23224
47345,5545991,HP LASERJET PRO 4003DW,Hp,2Z610A,202.57,30,Impresoras,Impresoras Láser/LED monocromáticas,ok,True,1,28,28,Impresora Láser Blanco y Negro LaserJet  Pro 4003dw WiFi / Ethernet,0,0,False,{},,ingram,150983,239990,196995,239990,250931
45886,5548644,LC402MS REND 550 PAGS. MFCJ6740DW,Brother,LC402MS,15.52,14,Suministros y Medios,Suministros Inyección de Tinta,ok,True,1,11,11,Cartucho de Tinta Original Brother LC402M Magenta,0,0,False,{},,ingram,259708,19990,18797,,20847
41440,5550223,TECLADO LAVABLE USB PRO FIT SPAIN,Kensington,K64407ES,13.6,61,Dispositivos de Entrada,Teclados,ok,True,1,50,+50,Teclado For Life Lavable Negro Alámbrico USB Negro,0,0,False,{},,ingram,112915,17990,15200,17990,17840
54967,5558961,1000BASE T SFP TRANSCEIVER MODULE FOR CA,Cisco,GLC-TE=,362.99,18,Dispositivos de Red,Transceivers,ok,True,1,16,16,1000BASE T SFP TRANSCEIVER MODULE FOR CA,0,0,False,{},,ingram,,,,,
56636,5558960,1000BASE LX LH SFP TRANSCEIVER MODULE MM,Cisco,GLC-LH-SMD=,807.05,3,Dispositivos de Red,Transceivers,ok,True,1,1,1,Cisco GLC-LH-SMD SFP Transceptor Óptico,0,0,False,{},,ingram,,,,,
56577,5557785,Scanner ADS4300N Velocidad 40 ppm ciclo,Brother,ADS4300N,434.89,6,Cámaras y Escáners,Escáners para el Hogar/Oficina,ok,True,1,2,2,Escáner ADS-4300N ADF/Dúplex,0,0,False,{},,ingram,,,,,
53752,5587431,QUICKSCAN QBT2500 2D USB KIT BT BLK,Datalogic,QBT2500-BK-BTK1,157.5,13,Productos POS/AIDC/Código de Barras,Escáners Portátiles (handheld),ok,True,1,12,12,POS Lector Código De Barra Inalámbrico QBT2500 2D ,0,0,False,{},,ingram,,,,,
56189,5604494,APC EASY UPS ON-LINE SRV RM 2000VA 1800W,Apc,SRV2KRIRK-E,744.26,11,Protección Eléctrica y Racks,UPS,ok,True,1,11,11,APC EASY UPS ON-LINE SRV RM 2000VA 1800W,0,0,False,{},,ingram,363653,899990,764260,,835562
46937,5609733,RYZEN 5 7600X WITHOUT COOLER,Amd,100-100000593WOF,221.8,15,Componentes de Sistema,Procesadores AMD,ok,True,1,15,15,CPU AMD Ryzen 5 7600X (AM5)	,0,0,False,{},,ingram,151869,259990,194651,219900,239002
46934,5609731,RYZEN 9 7900X WITHOUT COOLER,Amd,100-100000589WOF,378.29,7,Componentes de Sistema,Procesadores AMD,ok,True,1,7,7,CPU AMD Ryzen 9 7900X (AM5),0,0,False,{},,ingram,151871,449990,339990,384990,416288
46935,5609732,RYZEN 7 7700X WITHOUT COOLER,Amd,100-100000591WOF,325.96,24,Componentes de Sistema,Procesadores AMD,ok,True,1,23,23,CPU Ryzen 7 7700X (AM5),0,0,False,{},,ingram,151870,389990,319455,,355435
55414,5626683,CRUCIAL P3 4000GB 3D NAND NVME PCIE M 2,Crucial,CT4000P3SSD8,380.46,149,Dispositivos de Almacenamiento,Discos de Estado Sólido PCIe (SSD),ok,True,1,100,+100,Unidad SSD 4TB P3 M.2 2280 NVMe PCIe 3.0,0,0,False,{},,ingram,149265,449990,369900,,434685
54968,5627649,30W 2.5Gbps PCIe PoE Network Card NIC,Startech.Com,ST1000PEXPSE,100.44,2,Dispositivos de Red,Tarjetas de Red Ethernet,ok,True,1,2,2,30W 2.5Gbps PCIe PoE Network Card NIC,0,0,False,{},,ingram,382713,124990,124990,,127675
54993,5666918,HP LASERJET PRO MFP 3103FDW PRINTER,Hp,3G632A,230.09,34,Impresoras,Impresoras Láser/LED monocromáticas,ok,True,1,26,26,Multifuncional Láser Blanco y Negro LaserJet Pro MFP 3103fdw,0,0,False,{},,ingram,211943,279990,267388,,279793
51691,5682251,ROTULADORA PTD610 USB BT,Brother,PTD610BTVP,136.76,5,Impresoras,Impresoras de Etiquetas Hogar/Oficina,ok,True,1,5,5,Rotuladora Etiquetadora PT-D610BTVP,0,0,False,{},,ingram,,,,,
48767,5686041,PFI 050 Y,Canon,5701C001,53.89,38,Suministros y Medios,Suministros para Plotters,ok,True,1,50,+50,Botella de Tinta Original Canon PFI-050 Amarillo,0,0,False,{},,ingram,259983,69990,63713,64990,67832
48766,5686039,PFI 050 M,Canon,5700C001,53.88,39,Suministros y Medios,Suministros para Plotters,ok,True,1,100,+100,Botella de Tinta Original Canon PFI-050 Magenta,0,0,False,{},,ingram,259985,69990,63425,,68363
55333,5701316,HP MFP administrada LaserJet E52645dn,Hp,1PS54A#697,1177.7,15,Impresoras,Multifuncionales Láser Mono,ok,True,1,13,13,Multifuncional Láser Blanco y Negro LaserJet Managed MFP E52645dn,0,0,False,{},,ingram,,,,,
55245,5721717,HPE MR416I-P GEN11 X16 LANES 8GB CACHE,Hewlett Packard Enterprise,P47777-B21,5470.1,4,Dispositivos de Almacenamiento,Controladoras de Disco SAS RAID,ok,True,1,4,4,Memoria Server STOK HPE MR416I-P GEN11 X16 LANES 8GB CACHE PCI SPDM PLUG-IN STORAGE CONTROLLER,0,0,False,{},,ingram,,,,,
55276,5721719,HPE MR216I-P GEN11 12G TRI-MODE CONTROLL,Hewlett Packard Enterprise,P47785-B21,2834.0,2,Dispositivos de Almacenamiento,Controladoras de Disco SAS (Serial Attac,ok,True,1,2,2,Server HPE MR216I-P GEN11 12G TRI-MODE CONTROLLER KIT,0,0,False,{},,ingram,,,,,
55273,5721720,HPE MR416I-O GEN11 SPDM STORAGE CNTLR,Hewlett Packard Enterprise,P47781-B21,5370.6,2,Dispositivos de Almacenamiento,Controladoras de Disco Multipuertos,ok,True,1,2,2,Server STOK HPE MR416I-O GEN11 SPDM STORAGE CNTLR,0,0,False,{},,ingram,,,,,
55274,5721722,HPE MR216I-O GEN11 SPDM STORAGE CNTLR,Hewlett Packard Enterprise,P47789-B21,2734.5,2,Dispositivos de Almacenamiento,Controladoras de Disco SAS RAID,ok,True,1,2,2,Server HPE MR216I-O GEN11 SPDM STORAGE CNTLR,0,0,False,{},,ingram,,,,,
56182,5749302,HPE 32GB 2Rx8 PC5-4800B-R Smart Kit,Hewlett Packard Enterprise,P43328-B21,6859.2,16,Componentes de Sistema,Memoria Genérica,ok,True,1,16,16,HPE 32GB 2Rx8 PC5-4800B-R Smart Kit,0,0,False,{},,ingram,226709,7899990,4192990,,7600511
55252,5749300,HPE 16GB 1Rx8 PC5-4800B-R Smart Kit**GEN,Hewlett Packard Enterprise,P43322-B21,3643.2,12,Componentes de Sistema,Memoria Genérica,ok,True,1,12,12,Memoria Server HPE 16GB 1Rx8 PC5-4800B-R Smart Kit**GEN,0,0,False,{},,ingram,226708,4299990,598880,,3464078
55867,5762829,INT Xeon-S 4416+ CPU for HPE,Hewlett Packard Enterprise,P49611-B21,4351.0,2,Componentes de Sistema,Procesadores Intel,ok,True,1,2,2,INT Xeon-S 4416+ CPU for HPE,0,0,False,{},,ingram,,,,,
56088,5754933,HP CLJLASERJET PRO 4203DW PRNTR,Hp,5HH48A,332.28,53,Impresoras,Multifuncionales Láser Color,ok,True,1,50,+50,Impresora Láser LaserJet Pro 4203dw,0,0,False,{},,ingram,216948,389990,386135,,405287
56510,5762939,THINKSYSTEM 2.5 5400 PRO 480GB 6GB HS SS,Lenovo,4XB7A82259,663.0,4,Dispositivos de Almacenamiento,Discos de Estado Sólido SATA (SSD),ok,True,1,4,4,Disco SSD Lenovo ThinkSystem 5400 PRO 480GB,0,0,False,{},,ingram,220054,789990,720264,,765920
52648,5862194,ADATA DRAM DDR4 SO-DIMM 8GB 3200,Adata Technology,AD4S32008G22-SGN,75.98,535,Componentes de Sistema,Memoria Genérica,ok,True,1,100,+100,Memoria Notebook 8GB SoDimm DDR4 3200Mhz,0,0,False,{},,ingram,108868,89990,85265,,89688
34498,5862260,ADATA SSD SU650 480GB RETAIL,Adata Technology,ASU650SS-480GT-R,78.74,489,Dispositivos de Almacenamiento,Discos de Estado Sólido SATA (SSD),ok,True,1,100,+100,"Unidad SSD 480GB SU650 Sata 3 2.5"" ",0,0,False,{},,ingram,52219,94990,84995,,100532
54588,5868763,BAG T11A220-AL CYAN WF-C5890 5K PAG,Epson,T11A220-AL,48.76,297,Suministros y Medios,Suministros Inyección de Tinta,ok,True,1,100,+100,Bolsa de Tinta Epson T11A220-AL Cyan,0,0,False,{},,ingram,259981,62990,53900,,58588
49064,5864305,IDEAPAD 3 G8 R3-7320U 8GB512SSD 15.6IN,Lenovo,82XQ009ACL,421.38,493,Computadores Servidores y Notebooks,Notebooks,ok,True,1,100,+100,"Notebook Ideapad Slim 3 AMD Ryzen 3 7320U 15.6"" FHD 8GB 512GB SSD Windows 11 Home Frost Blue",0,0,False,{},,ingram,217803,489990,419990,419990,465675
54589,5868764,BAG T11A320-AL MAGENTA WF-C5890 5K PAG,Epson,T11A320-AL,48.76,370,Suministros y Medios,Suministros Inyección de Tinta,ok,True,1,100,+100,Bolsa de Tinta Epson T11A320-AL Magenta,0,0,False,{},,ingram,259980,62990,53900,62990,59119
54590,5868805,BAG T11A420-AL YELLOW WF-C5890 5K PAG,Epson,T11A420-AL,48.76,345,Suministros y Medios,Suministros Inyección de Tinta,ok,True,1,100,+100,Bolsa de Tinta Epson T11A420-AL Amarilla,0,0,False,{},,ingram,259977,62990,53900,,58859
49682,5891621,T574 BOTELLA CYAN - C13T09A22A,Epson,T574220-AL,8.51,291,Suministros y Medios,Suministros Inyección de Tinta,ok,True,1,100,+100,Botella de Tinta Original Epson T574220-AL Cyan,0,0,False,{},,ingram,259307,10990,9793,13990,12236
56094,5890978,Poly Studio X30 All In One Video Bar wit,Poly,852R3AA#ABM,1239.7,1,Comunicaciones,Sistemas de Videoconferencia,ok,True,1,1,1,Barra de video All-In-One Poly Studio X30 ,0,0,False,{},,ingram,,,,,
49683,5891622,T574 BOTELLA MAGENTA - C13T09A32A,Epson,T574320-AL,8.51,301,Suministros y Medios,Suministros Inyección de Tinta,ok,True,1,100,+100,Botella de Tinta Original Epson T574320-AL Magenta,0,0,False,{},,ingram,259306,10990,9546,13990,12048
49684,5891623,T574 BOTELLA AMARILLA - C13T09A42A,Epson,T574420-AL,8.51,291,Suministros y Medios,Suministros Inyección de Tinta,ok,True,1,100,+100,Botella de Tinta Original Epson T574420-AL Amarillo,0,0,False,{},,ingram,259305,10990,10390,13990,12412
56637,5934625,CATALYST 9200L 24 PORT POE 4 X 1G,Cisco,C9200L-24P-4G-E,2355.2,1,Dispositivos de Red,Switches Estaqueables,ok,True,1,28,28,Switch Cisco Catalyst C9200L 24 Puertos PoE 10/100/1000 Mbps,0,0,False,{},,ingram,380632,2999990,2439908,,2900314
55381,5929932,SSD X9 PRO 2000GB 2TB EXTERNAL PORTABLE,Crucial,CT2000X9PROSSD9,331.91,62,Dispositivos de Almacenamiento,Discos de Estado Sólido SATA (SSD),ok,True,1,50,+50,Unidad SSD Externa 2TB X9 PRO USB-C SSD,0,0,False,{},,ingram,227591,389990,313500,389990,390840
51062,5939020,DRUM DR3609 DL RENDIMIENTO HASTA 75000 P,Brother,DR3609,198.02,41,Cámaras y Escáners,Escáners para el Hogar/Oficina,ok,True,1,50,+50,Toner Original Brother DR-3609 Negro,0,0,False,{},,ingram,,,,,
56584,5999349,PIXMA G4170 BLACK WIFI USB ADF FAX,Canon,5807C005,175.11,34,Impresoras,Impresoras de Inyección de Tinta,ok,True,1,30,+30,Multifuncional Tinta Continua Pixma G4170  WiFi / ADF ,0,0,False,{},,ingram,224614,209990,189990,209990,203092
56040,6128050,MONITOR OMEN 27-INCH FHD 165HZ,Hp,780F9AA#AKH,173.9,441,Pantallas,Monitores LCD/LED,ok,True,1,100,+100,MONITOR OMEN 27-INCH FHD 165HZ,0,0,False,{},,ingram,,,,,
56089,6128954,LA DIRECT TH LA DIRECT THERMAL PRINTER Z,Zebra,ZD4A022-D01E00EZ,292.8,15,Impresoras,Impresoras de Etiquetas Código de Barras,ok,True,1,15,15,Impresora POS ZD411,0,0,False,{},,ingram,,,,,
56301,6152571,QUBE 500 FLATPACK MACARON EDITION,Cooler Master,Q500-DGNN-S00,62.45,14,Servicios y Garantías,Servicios de Implementación/Soporte,ok,True,1,13,13,QUBE 500 FLATPACK MACARON EDITION,0,0,False,{},,ingram,228477,,63324,,73342
56187,6179728,THINKSYSTEM 16GB TRUDDR5 4800MHZ 1RX8 EC,Lenovo,4X77A88511,588.0,21,Componentes de Sistema,Memoria Genérica,ok,True,1,21,21,THINKSYSTEM 16GB TRUDDR5 4800MHZ 1RX8 EC,0,0,False,{},,ingram,298252,689990,655127,,689675
55869,6213455,MEMORY 8GB DDR4 3200 UDIMM WHITE D35,Adata Technology,AX4U32008G16A-SWHD35,81.36,275,Componentes de Sistema,Memoria Propietaria,ok,True,1,100,+100,Memoria RAM DDR4 8 GB 3200 MHz UDIMM WHITE ,0,0,False,{},,ingram,213781,94990,69990,69990,85634
52571,6210478,MFCL2880DW MONO LASER MULTIFUNCTION,Brother,MFCL2880DW,267.9,9,Impresoras,Multifuncionales Láser Color,ok,True,1,5,5,Multifuncional Láser Blanco y Negro MFC-L2880DW WiFi / Ethernet / Dúplex,0,0,False,{},,ingram,,,,,
53448,6213555,16-R1015LA I7 16GB1TBSSD8V RTX4060,Hp,A14LXLA#ABM,1182.8,35,Computadores Servidores y Notebooks,Notebooks,ok,True,1,30,+30,"Notebook Gamer Victus 16-r1015la Intel Core i7-14650H NVIDIA GeForce RTX 4060 16.1"" FHD 144Hz 16GB RAM 1TB SSD Windows 11 Home Gris A14LXLA#ABM",0,0,False,{},,ingram,,,,,
52233,6213881,MEMORY 8GB DDR4 3200 UDIMM BLACK D35,Adata Technology,AX4U32008G16A-SBKD35,80.74,677,Componentes de Sistema,Memoria Genérica,ok,True,1,100,+100,DDR4 8GB 3200MHz D35G RGB,0,0,False,{},,ingram,213782,,69990,,90144
54943,6216520,MODULO INTERACTIVO POINTWRITE PW03,Benq,5J.JJR26.21E,270.66,2,Dispositivos Audio/Video,Lentes para Proyector,ok,True,1,2,2,MODULO INTERACTIVO POINTWRITE PW03,0,0,False,{},,ingram,,,,,
56191,6221516,ADATA DRAM DDR5 U-DIMM 16GB 5600,Adata Technology,AD5U560016G-S,216.99,372,Componentes de Sistema,Memoria Genérica,ok,True,1,100,+100,Memoria RAM DDR5 16GB 5600 MHz UDIMM ,0,0,False,{},,ingram,197803,259990,219900,,256393
55850,6218562,MEMORIA RAM XPG DDR5 - LANCER BLADE - 16,Adata Technology,AX5U5600C4616G-SLABBK,218.69,152,Componentes de Sistema,Memoria Genérica,ok,True,1,100,+100,Memoria RAM DDR5 16GB XPG UDIMM,0,0,False,{},,ingram,250364,259990,207900,,243925
52123,6219447,6TB HARD DRIVE ELEMENTS PORTABLE USB,Western Digital,WDBHJS0060BBK-WESN,201.32,9,Dispositivos de Almacenamiento,Discos Duros USB,ok,True,1,27,27,"Disco Externo 6TB 2.5"" USB 3.0 Elements Negro",0,0,False,{},,ingram,248860,239990,224303,,235832
52266,6221493,ADATA DRAM DDR5 SO-DIMM 16GB 5600,Adata Technology,AD5S560016G-S,207.87,162,Componentes de Sistema,Memoria Genérica,ok,True,1,100,+100,Memoria RAM Notebook 16GB SoDimm DDR5 5600MHz,0,0,False,{},,ingram,247335,249990,208900,,246721
52208,6221522,MONITOR GAMER 24GS60F-B 24 IPS FULL HD 1,Lg,24GS60F-B,101.71,205,Pantallas,Monitores LCD/LED,ok,True,1,100,+100,"Monitor Gamer 24"" UltraGear - Full HD, Panel IPS, 180Hz(1ms), FreeSync Premium, HDR10 (24GS60F-B)",0,0,False,{},,ingram,,,,,
55605,6227922,IPAD PRO SMART FOLIO 11 NEGRO-ZML,Apple,MW983ZM/A,75.73,1,Computadores Servidores y Notebooks,Accesorios para Tablet PCs,ok,True,1,2,2,Funda Smart Folio para el iPad Pro de 11 pulgadas (M5) - Negro,0,0,False,{},,ingram,,,,,
54908,6228569,APPLE PENCIL PRO-AME,Apple,MX2D3AM/A,126.91,7,Comunicaciones,Punteros/Stylus,ok,True,1,7,7,Apple Pencil Pro,0,0,False,{},,ingram,,,,,
54850,6271393,SSD BX500 4000GB (4TB) NAND SATA 2.5,Crucial,CT4000BX500SSD1,412.22,67,Dispositivos de Almacenamiento,Discos de Estado Sólido SATA (SSD),ok,True,1,50,+50,Unidad SSD 4TB BX500  NAND SATA 2.5,0,0,False,{},,ingram,252386,479990,399900,,487329
52797,6278449,MOCHILA KENSINGTON EQ DE 16 PULGADAS,Kensington,K60392WW,22.72,13,Computadores Servidores y Notebooks,Bolsos y Mochilas p/Notebooks,ok,True,1,10,10,"Mochila para Notebook Ecofriendly EQ 16"" - Negro",0,0,False,{},,ingram,,,,,
55848,6290527,MEMORY 48GB DDR5 5600 SODIMM,Crucial,CT48G56C46S5,445.35,25,Componentes de Sistema,Memoria Genérica,ok,True,1,23,23,Memoria RAM Notebook DDR5 48GB  5600MHz SODIMM,0,0,False,{},,ingram,252451,519990,419900,,491530
47613,6291072,MOUSE 150 WIRED MOUSE,Hp,240J6AA#ABM,4.97,1118,Dispositivos de Entrada,Mouse,ok,True,1,100,+100,Mouse Alámbrico 150 - Negro,0,0,False,{},,ingram,,,,,
46703,6291423,14 REVERSP BLK/SLV SLEEVE,Hp,2F2J1AA,7.96,1114,Computadores Servidores y Notebooks,Bolsos y Mochilas p/Notebooks,ok,True,1,100,+100,"Funda para Notebook Reversible 14"" - Negro/Plata",0,0,False,{},,ingram,,,,,
56639,6298435,CISCO CATALYST 9115AX SERIES,Cisco,C9115AXI-A,653.27,9,Dispositivos de Red,Access Points (AP) inalámbricos,ok,True,1,9,9,Access Point Cisco Catalyst C9115AXI WiFi 6 Interior PoE,0,0,False,{},,ingram,381469,1279990,1238500,,1262345
56058,6313241,Epson Multi-Mono. WorkForce Pro WF-M5899,Epson,C11CK76301,838.02,60,Impresoras,Multifuncionales Inkjet,ok,True,1,50,+50,Multifuncional Tinta Continua WorkForce Pro WF-M5899,0,0,False,{},,ingram,256545,959990,519698,,839188
55779,6297255,MONITOR FHD S3 PRO 23.8IN 324PF,Hp,9U5J5UT,101.45,6,Pantallas,Monitores LCD/LED,ok,True,1,13,13,"Monitor HP 24"" FHD, IPS, 100Hz S3 Pro",0,0,False,{},,ingram,360233,119990,93500,119990,111784
56641,6298437,CATALYST 1300 48 PORT GE POE 4X1G SFP,Cisco,C1300-48P-4G,1476.5,3,Dispositivos de Red,Switches Standalone,ok,True,1,3,3,Switch Cisco Catalyst C1300 48 Puertos PoE 10/100/1000 Mbps,0,0,False,{},,ingram,381623,1749990,1702082,,1855946
52317,6328374,Dell Wireless TECLADO KB500 - ES,Dell,KB500-BK-R-LTN,23.0,86,Comunicaciones,Teclados área de Movilidad,ok,True,1,50,+50,Teclado inalámbrico KB500 - Español,0,0,False,{},,ingram,,,,,
53356,6335647,GOPRO-HERO 13 BUNDLE,Gopro,CHDRB-131-RW,395.49,287,Cámaras y Escáners,Cámaras de Video Digital,ok,True,1,100,+100,Cámara Hero 13 Black + Combo Accesorios,0,0,False,{},,ingram,,,,,
55991,6333144,LATITUDE 7450 2-1 ULTRA 7 155U 16GB 512S,Dell,L7452IN1I7RPS16512W11P3PSXCTO,1449.8,2,Computadores Servidores y Notebooks,Detachables,ok,True,1,3,3,"Notebook Dell Latitude 7450 2-en-1 Intel Ultra 7-155U 14"" 16GB 512GB SSD Windows 11 Pro L7452IN1I7RPS16512W11P3PSXCTO",0,0,False,{},,ingram,256561,1679990,1554452,,1656526
54986,6341236,SSD P310 2000GB PCIE GEN4 2230 NVME M.2,Crucial,CT2000P310SSD2,300.48,43,Dispositivos de Almacenamiento,Discos de Estado Sólido PCIe (SSD),ok,True,1,30,+30,Unidad SSD 2TB PCIe NVME M.2 2230 P310 GEN4  ,0,0,False,{},,ingram,255823,349990,270560,,335122
50455,6340820,SSD WDS100T3X0G-00CHY0 1TB M.2,Western Digital,WDS100T3X0G-00CHY0,348.29,18,Dispositivos de Almacenamiento,Discos de Estado Sólido PCIe (SSD),ok,True,1,18,18,Unidad SSD 1TB PCIe NVMe Gen4 M.2 (2230) SN770M Black,0,0,False,{},,ingram,,,,,
51484,6343145,I7-14700 33MB CACHE 5.40 GHZ BOXED,Intel,BX8071514700,385.49,90,Componentes de Sistema,Procesadores Intel,ok,True,1,50,+50,CPU Intel Core i7-14700 (s1700),0,0,False,{},,ingram,233326,449990,397900,,434670
52953,6359938,MONITOR LS24DG300ELXZS,Samsung,LS24DG300ELXZS,103.49,3,Pantallas,Monitores LCD/LED,ok,True,1,2,2,"Monitor Gamer Samsung 24"",FHD, 180Hz, VA, 1ms, LS24DG300ELXZS",0,0,False,{},,ingram,254071,129990,94990,99990,118721
54998,6368103,MBP 16 SB/14C CPU/20C GPU/24GB/512G-CHL,Apple,MX2X3CI/A,2513.6,2,Computadores Servidores y Notebooks,Notebooks,ok,True,1,2,2,"Macbook Pro 16"" M4 Pro 24GB 512GB SSD Space Black macOS MX2X3CI/A",0,0,False,{},,ingram,257121,2779990,2579105,,2764903
54942,6343153,WDC10 BOTONES TIPO C - DP,Benq,5J.JLD28.A20,701.6,2,Dispositivos Audio/Video,Punteros y Controles Remotos,ok,True,1,2,2,InstaShow WDC10 BOTONES TIPO C - DP,0,0,False,{},,ingram,,,,,
53806,6375535,IDEAPAD 3 GEN 8 R5-7520U 8G 512G 15 W11,Lenovo,82XQ00LWCL,466.07,2909,Computadores Servidores y Notebooks,Notebooks,ok,True,1,100,+100,"Notebook Ideapad Slim 3 Gen 8 AMD Ryzen 5-7520U 15.6"" FHD 60Hz 8GB 512GB SSD Windows 11 Gris 82XQ00LWCL + Bolso",0,0,False,{},,ingram,267797,539990,449990,499990,515952
56082,6371125,HP DesignJet T650 36-in Printer,Hp,5HB10D,1722.4,25,Impresoras,Plotters color,ok,True,1,24,24,"Plotter 36"" DesignJet T650 WiFi Direct / Ethernet / USB",0,0,False,{},,ingram,273154,,1569990,,2010705
55988,6368763,MBP 14 SB/14C CPU/20C GPU/24GB/1T-CHL,Apple,MX2J3CI/A,2630.9,6,Computadores Servidores y Notebooks,Notebooks,ok,True,1,6,6,"MacBook Pro M4 14.2"" 24GB 1TB SSD Negro Espacial macOS MX2J3CI/A",0,0,False,{},,ingram,257118,2899990,2699990,,2853144
56071,6371406,HPE PROLIANT ML350 GEN11 8SFF 1P 4410Y 1,Hewlett Packard Enterprise,P75341-DM5,10218.0,1,Computadores Servidores y Notebooks,Servidores en Rack,ok,True,1,1,1,Server HPE PROLIANT ML350 GEN11 8SFF 1P 4410Y 1,0,0,False,{},,ingram,,,,,
53200,6379934,PACK 2 BOTELLAS DE TINTA NEGRA,Brother,BTD100BK2PK,13.56,41,Suministros y Medios,Suministros Inyección de Tinta,ok,True,1,30,+30,Pack 2 Botellas de Tinta Original Brother BTD100BK2PK Negro,0,0,False,{},,ingram,259821,17990,14990,17990,18774
55584,6392082,P5405CSA-NZ0130X U7 258V 32G 1TB 14 W11P,Asus,90NX0861-M008D0,1260.3,52,Computadores Servidores y Notebooks,Notebooks,ok,True,1,50,+50,"Notebook ExpertBook P5 14"" Intel Ultra 7 258V 32GB RAM 1TB SSD Windows 11 Pro",0,0,False,{},,ingram,262944,1459990,1199990,1689990,1451064
53725,6397867,PRIME-RTX5080-O16G,Asus,90YV0LX0-M0AA00,1531.3,22,Componentes de Sistema,Tarjetas Gráficas nVidia,ok,True,1,21,21,Tarjeta de Video NVIDIA GeForce RTX5080 Prime O16G,0,0,False,{},,ingram,,,,,
55670,6399144,HP DesignJet T250 24-in Printer,Hp,5HB06D,751.9,21,Impresoras,Plotters color,ok,True,1,21,21,"Kit Plotter 24"" DesignJet T250 WiFi / Ethernet / USB in ePrinter con porta rollo + Incluye Alimentador automático de hojas ",0,0,False,{},,ingram,273156,,629990,,802593
54842,6399138,SSD LEGEND 860 500GB 5000-3000 MBs,Adata Technology,SLEG-860-500GCS,93.86,258,Dispositivos de Almacenamiento,Discos de Estado Sólido M.2 (SSD),ok,True,1,100,+100,Unidad SSD 500GB LEGEND 860 5000-3000 MBs,0,0,False,{},,ingram,266706,114990,87990,98990,112862
55345,6405136,MAG CORELIQUID A13 240 WHITE,Msi,306-7ZWCA21-L80,57.24,34,Componentes de Sistema,Componentes de Gabinete,ok,True,1,30,+30,Refrigeración Líquida MSI CORELIQUID A13 240 ARGB Blanco,0,0,False,{},,ingram,,,,,
47615,6406893,HP MOUSE 240 EMPIRE ROJO BLUETOOTH,Hp,43N05AA#ABM,9.33,227,Dispositivos de Entrada,Mouse,ok,True,1,100,+100,Mouse Inalámbrico 240 - Rojo,0,0,False,{},,ingram,,,,,
54201,6417090,YOGA SNAPDRAGON 8 G3 16GB 256GB 12.7IN,Lenovo,ZAEG0024CL,554.57,213,Computadores Servidores y Notebooks,Tablets y Tablet PCs,ok,True,1,50,+50,"Tablet Yoga Tab Plus 12,7"" 16GB 256GB Wi-Fi Octa Core Azul + Teclado + Funda + Lápiz",0,0,False,{},,ingram,,,,,
54982,6450887,70W USB-C POWER ADAPTER,Apple,MXN53CI/A,55.99,70,Comunicaciones,Opciones de Energía,ok,True,1,50,+50,Cargador Apple USB C 70 W,0,0,False,{},,ingram,,,,,
56393,6457290,IDEAPAD 3 G10 I5 13420H 8GB 512GB 15.3IN,Lenovo,83K1006JCL,537.68,6,Computadores Servidores y Notebooks,Notebooks,ok,True,1,6,6,"Notebook Ideapad Slim 3 Gen 10 Intel Core i5-13420H 15,3"" WUXGA Touch 8GB 512GB SSD Windows 11 Home",0,0,False,{},,ingram,278677,619990,549990,,605475
54939,6429332,PROJECTOR BENQ LW550 LED WXGA 1280x800,Benq,9H.JRT77.13L,603.43,2,Dispositivos Audio/Video,Proyectores DLP,ok,True,1,2,2,PROJECTOR BENQ LW550 LED WXGA 1280x800,0,0,False,{},,ingram,274171,709990,709990,,728950
53811,6457299,IDEAPAD 3 G10 I7 13620H 24GB 512GB 14IN,Lenovo,83K0004GCL,787.75,2,Computadores Servidores y Notebooks,Notebooks,ok,True,1,3,3,"Notebook Ideapad Slim Intel Core i7 13620H 14"" FHD 60Hz 24GB 512GB SSD Windows 11 Home Azul 83K0004GCL",0,0,False,{},,ingram,269695,899990,699990,849990,830807
53810,6457297,IDEAPAD 3 G10 I713620H 16GB 512GB 15.3IN,Lenovo,83K100BXCL,679.74,8,Computadores Servidores y Notebooks,Notebooks,ok,True,1,3,3,"Notebook Ideapad Slim Intel Core i7 13620H 15.3"" WUXGA 60Hz Touch 16GB 512GB SSD Windows 11 Home Gris 83K100BXCL",0,0,False,{},,ingram,269696,789990,729990,,802981
56200,6487377,RAM ADATA PREMIER SODIMM DDR5 8GB 5600M,Adata Technology,AD5S56008G-S,121.22,760,Componentes de Sistema,Memoria Genérica,ok,True,1,100,+100,Memoria RAM Notebook DDR5 8GB 5600 MHz PREMIER SODIMM ,0,0,False,{},,ingram,266145,142990,138959,142990,149994
54228,6457300,IDEAPAD SLIM 5 G10 R7 AI 7 350 14IN,Lenovo,83HX002GCL,842.57,92,Computadores Servidores y Notebooks,Notebooks,ok,True,1,50,+50,"Notebook AI PC Ideapad Slim 5 Gen 10 AMD Ryzen AI 7 14"" OLED 60Hz 24GB 512GB SSD Windows 11 Home Cosmic Blue 83HX002GCL",0,0,False,{},,ingram,277953,969990,779990,899990,904230
50797,6486382,LG SMART TV LED 32LQ600BPSA 32 IN HD,Lg,32LQ600BPSA.AWHQ,179.78,1,Pantallas,TV LCD/LED,ok,True,1,1,1,"Smart TV LED 32"" 32LQ600BPSA HD",0,0,False,{},,ingram,,,,,
53700,6501044,MONITOR 34 IN ODYSSEY OLED G8,Samsung,LS34DG850SLXZS,735.83,8,Pantallas,Monitores LCD/LED,ok,True,1,8,8,"Monitor Samsung Curvo 34"", UWQHD, Panel OLED, 0.03ms, HDR10, Odyssey G8, LS34DG850SLXZS",0,0,False,{},,ingram,261783,872990,846930,,897451
56287,6512284,MBA 13 MDN10C GPU 16GB 512GBCHL,Apple,MW133CI/A,1360.8,6,Computadores Servidores y Notebooks,Notebooks,ok,True,1,4,4,"MacBook Air M4 13.6"" 16GB 512GB SSD Medianoche macOS MW133CI/A",0,0,False,{},,ingram,270849,1499990,1400467,,1498109
54585,6515172,MULTIFUNCIONAL WF-C5891,Epson,C11CK27301,525.99,56,Impresoras,Multifuncionales Inkjet,ok,True,1,50,+50,Multifuncional Tinta WorkForce Pro WF-C5891 WiFi/Ethernet ,0,0,False,{},,ingram,270277,619990,479900,,578228
55199,6517361,ZOTAC GAMING GEFORCE RTX 5070 SOLID OC,Zotac,ZT-B50700J-10P,755.34,18,Computadores Servidores y Notebooks,Componentes Terminales,ok,True,1,16,16,Tarjeta de Video NVIDIA GEFORCE RTX 5070 GAMING SOLID OC,0,0,False,{},,ingram,277884,879990,821090,,864106
55236,6518304,HPE PROLIANT DL360 GEN11 4510 2.4GHZ 12C,Hewlett Packard Enterprise,P81428-DM5,11827.0,1,Computadores Servidores y Notebooks,Servidores en Rack,ok,True,1,2,2,Server HPE PROLIANT DL360 GEN11 4510 2.4GHZ 12C 1P 1X32GB R 8SFF NS204I U MR408I-O 2X800W PS LA SERVER,0,0,False,{},,ingram,,,,,
56060,6518323,HPE PROLIANT DL365 GEN11 9224 2.5GHZ 24C,Hewlett Packard Enterprise,P81431-DM5,11406.0,2,Computadores Servidores y Notebooks,Servidores en Rack,ok,True,1,2,2,Server HPE PROLIANT DL365 GEN11 9224 2.5GHZ 24C,0,0,False,{},,ingram,,,,,
55237,6518317,HPE PROLIANT DL320 GEN11 4510 2.4GHZ 12C,Hewlett Packard Enterprise,P81467-DM5,11874.0,3,Computadores Servidores y Notebooks,Servidores en Rack,ok,True,1,3,3,Server HPE PROLIANT DL320 GEN11 4510 2.4GHZ 12C 1P 2X32GB R 8SFF MR408 O 2X960GB SSD 2X800W PS LA SERVER 5 YEAR TECH CARE ,0,0,False,{},,ingram,,,,,
55994,6581698,B5405CCA LY0210X U7 255H 1TB SSD 32G 14I,Asus,90NX08I1-M007A0,1371.2,15,Computadores Servidores y Notebooks,Notebooks,ok,True,1,10,10,"Notebook ExpertBook B5 Intel Ultra 7 255H 32GB RAM 1 TB SSD 14"" Windows 11 Pro B5405CCA-LY0210X",0,0,False,{},,ingram,318374,1599990,1527783,,1586948
55998,6584749,YOGA 7 G10 R7 24GB 1TB 14IN OLED TOUCH,Lenovo,83JR0009CL,1059.8,2,Computadores Servidores y Notebooks,Notebooks,ok,True,1,1,1,"Notebook Yoga Gen 10 AMD Ryzen AI 7- 350 14"" WUXGA OLED TOUCH 24GB 1TB SSD Windows 11 Home 83JR0009CL",0,0,False,{},,ingram,375043,,999990,,999990
56090,6594693,DELL PRO DOCKING WD 25,Dell,DELL-WD25,178.0,331,Computadores Servidores y Notebooks,Dockings y Pedestales p/Notebooks,ok,True,1,100,+100,Docking Pro - WD25,0,0,False,{},,ingram,,,,,
55986,6594781,RAZR 60 ULTRA VERDE 16+1TB,Motorola,PB8R0045CL,1041.6,105,Comunicaciones,Smart Phones,ok,True,1,100,+100,"Celular Motorola RAZR 60 Ultra 7"" 16GB/1TB Verde Liberado",0,0,False,{},,ingram,273465,1189990,799990,1199990,1138418
56642,6597323,Dell Pro Slim QCS1250; Core Ultra 5; 16G,Dell,GFCMC,1106.7,100,Computadores Servidores y Notebooks,Computadores Small Form/Ultra Slim,ok,True,1,8,8,Desktop Dell Pro Slim Intel Ultra 5 235 16GB RAM 512GB SSD Windows 11 Pro,0,0,False,{},,ingram,,,,,
55346,6597490,MAG CORELIQUID A12 240,Msi,306-7ZWBM11-813,51.77,27,Componentes de Sistema,Componentes de Tarjetas Madre,ok,True,1,50,+50,Refrigeración Líquida MSI MAG CORELIQUID A12 240,0,0,False,{},,ingram,,,,,
54374,6606681,HERO13 Black Ultra Wide Edition,Gopro,CHDRB-133-RW,571.17,40,Cámaras y Escáners,Cámaras Fotográficas Digitales,ok,True,1,30,+30,Cámara Hero 13 Black Ultra Wide Edition (-RW),0,0,False,{},,ingram,,,,,
54848,6597911,SSD MARS 980 PRO 1TB COLORBOX,Adata Technology,SMAR-980P-1TCI,235.53,10,Dispositivos de Almacenamiento,Discos de Estado Sólido PCIe (SSD),ok,True,1,8,8,Unidad SSD 1TB MARS 980 PRO COLORBOX,0,0,False,{},,ingram,278330,279990,262900,,280798
54819,6626609,MONITOR 32U631A-B 2560X1440 IPS 31.5PULG,Lg,32U631A-B.AWHQ,161.05,104,Pantallas,Monitores LCD/LED,ok,True,1,50,+50,"Monitor LG 32"" QHD IPS 100Hz HDMI USB-C VESA",0,0,False,{},,ingram,,,,,
56049,6617474,PROYECTOR MODELO LK935 5500 lum LASER 4K,Benq,9H.JS277.14L,3120.8,2,Dispositivos Audio/Video,Proyectores DLP,ok,True,1,2,2,"Proyector BenQ LK935, 5500 Lúmenes, Laser, 4K UHD",0,0,False,{},,ingram,385790,3649990,3649990,,3725733
56535,6629493,APC EASY UPS 1600VA,Apc,BVG1600I-MSX,102.96,60,Protección Eléctrica y Racks,UPS,ok,True,1,30,+30,APC EASY UPS 1600VA,0,0,False,{},,ingram,363510,129990,115520,115520,120232
55992,6629561,DELL PRO PLUS U7 32GB 1TBSSD W11P 3YR,Dell,PB14250_U7LNL321TBWPS_3WXCTO,1640.3,35,Computadores Servidores y Notebooks,Notebooks,ok,True,1,30,+30,"Notebook Dell Pro Plus Intel Core Ultra 7-268V 14"" 32GB 1TB SSD Windows 11 Pro PB14250 ",0,0,False,{},,ingram,354620,1919990,1884668,,1956589
55993,6629567,DELL PRO PLUS AMD R7 PRO 350 32GB 1TBSSD,Dell,PB14255_R7KRK321TBWPS_3PSXCTO,1327.9,168,Computadores Servidores y Notebooks,Notebooks,ok,True,1,100,+100,DELL PRO PLUS AMD R7 PRO 350 32GB 1TBSSD,0,0,False,{},,ingram,388721,1549990,1470693,,1570197
55997,6629568,DELL PRO U7 255U 32GB 1TBSSD 14IN W11P 3,Dell,PC14250_U7ARL321TBWPS_3WXCTO,1712.5,151,Computadores Servidores y Notebooks,Notebooks,ok,True,1,100,+100,"Notebook Dell Pro 14"" Intel Core Ultra 7-255U 32GB 1TB SSD Windows 11 Pro 3YRS",0,0,False,{},,ingram,354637,1999990,1639390,,2010790
56726,6629569,DELL PRO SFF I5-14500 16GB 512SSD W11P 3,Dell,DM1CF,874.72,43,Computadores Servidores y Notebooks,Computadores Small Form/Ultra Slim,ok,True,1,30,+30,Desktop Pro Slim Intel Core i5-14500 vPro 16GB RAM 512GB SSD Windows 11 Pro QCS1250,0,0,False,{},,ingram,,,,,
55659,6640343,NOTEBOOK DELL PRO PLUS U5 32GB 1TB W11P,Dell,PB14250_U5LNL321TBWPS_3PSXCTO,1288.6,253,Computadores Servidores y Notebooks,Notebooks,ok,True,1,100,+100,"Notebook Dell Pro Plus Intel Core Ultra 5-238V 14"" 32GB 1TB SSD Windows 11 Pro PB14250",0,0,False,{},,ingram,310181,1509990,1384902,,1450716
56004,6640425,DELL PRO AMD R5 PRO 340 16GB 512SSD 14IN,Dell,NFF86,830.13,6,Computadores Servidores y Notebooks,Notebooks,ok,True,1,6,6,"Notebook Dell Pro AMD Ryzen AI 5-340 14″ FHD 16GB 512GB SSD, Windows 11 Pro NFF86",0,0,False,{},,ingram,357478,969990,935683,,979913
56530,6644591,ASUS DUAL RADEON RX 7600 EVO OC EDITION,Asus,90YV0LD0-M0AA00,301.67,652,Componentes de Sistema,Tarjetas Gráficas AMD,ok,True,1,100,+100,Tarjeta de Video AMD DUAL RADEON RX 7600 EVO OC EDITION,0,0,False,{},,ingram,,,,,
54709,6643298,IMPRESORA IMAGEPROGRAF TC-21,Canon,7055C002,656.15,9,Impresoras,Plotters color,ok,True,1,50,+50,"Plotter 24"" ImagePROGRAF TC-21 USB/ Ethernet ",0,0,False,{},,ingram,355694,,749990,,787496
44746,6644607,HP WIRED MOUSE 100 LTNA,Hp,6VY96AA#ABM,3.86,772,Equipamiento de Oficina,"Mousepads, Apoyamuñecas y Descanso",ok,True,1,100,+100,Mouse Alámbrico HP 100 - Negro,0,0,False,{},,ingram,,,,,
56016,6653897,HPE DL360 G11 4510 2X32G 8SFF SSD LA SVR,Hewlett Packard Enterprise,P84099-DM5,11859.0,1,Computadores Servidores y Notebooks,Servidores en Rack,ok,True,1,1,1,Server HPE DL360 G11 4510 2X32G 8SFF SSD LA SVR,0,0,False,{},,ingram,,,,,
56252,6665020,B840M GAMING WIFI6E,Msi,911-7E76-001,114.11,133,Componentes de Sistema,Tarjetas Madre AMD,ok,True,1,100,+100,Placa Madre AMD B840M GAMING WIFI6E (sAM5),0,0,False,{},,ingram,356069,134990,123772,,137489
54326,6656344,YOGA BOOK 9 ULTRA 9-285H 32GB 1TB 14IN,Lenovo,83KJ001CCL,1912.3,46,Computadores Servidores y Notebooks,Notebooks,ok,True,1,30,+30,"Notebook AI PC Yoga Book 9i Intel Core Ultra 9-285H 14"" OLED 120Hz  Touch 32GB 1TB Windows 11 Home Azul 83KJ001CCL",0,0,False,{},,ingram,277740,2229990,2099990,2099990,2256685
55506,6670436,250 G10 I3 N305 RAM 8GB SSD 256GB 15IN,Hp,B83U6AT#AKH,333.46,5,Computadores Servidores y Notebooks,Notebooks,ok,True,1,3,3,"Notebook 250 G10 Intel Core i3-N305 15"" 8GB 256GB SSD FREEDOS(SIN WINDOWS)  B83U6AT",0,0,False,{},,ingram,,,,,
56095,6674884,IPAD SMART FOLIO SKY-ZML,Apple,MDEQ4ZM/A,74.94,5,Computadores Servidores y Notebooks,Accesorios para Tablet PCs,ok,True,1,5,5,Funda Smart Folio para el iPad (A16) – Cielo,0,0,False,{},,ingram,,,,,
55560,6677816,TP X9 G1 U7 258V 32GB 1T 14 W11P,Lenovo,21QB000QCL,1703.5,7,Computadores Servidores y Notebooks,Notebooks,ok,True,1,7,7,"Notebook AI PC ThinkPad X9 Gen 1 Intel Ultra 7-258V 14"" 32GB 1TB SSD Windows 11 Pro 21QB000QCL",0,0,False,{},,ingram,363981,1969990,1928134,,1985526
55546,6677813,TP X1 CARBON G13 U7 255U 32GB 1T W11P,Lenovo,21NY001DCL,2586.2,21,Computadores Servidores y Notebooks,Notebooks,ok,True,1,19,19,"Notebook AI PC ThinkPad X1 Gen 13 Intel Ultra 7-255U 14"" 32GB 1TB SSD Windows 11 Pro 21NY001DCL",0,0,False,{},,ingram,364091,3029990,2981900,,3051918
55211,6681132,Ideapad Slim 3 G10 R7-7735HS 16 512 14IN,Lenovo,83K60058CL,567.81,142,Computadores Servidores y Notebooks,Notebooks,ok,True,1,100,+100,"Notebook Ideapad Slim 3 G10 AMD Ryzen 7-7735HS 14"" 60Hz 16GB 512GB SSD Windows 11 Home Cosmic Blue 83K60058CL   ",0,0,False,{},,ingram,380390,659590,659590,699990,687910
56165,6696507,PRIME H610M-F D4,Asus,90MB1H70-M0EAY0,65.53,139,Componentes de Sistema,Tarjetas Madre Intel,ok,True,1,100,+100,Placa Madre Intel H610M-F D4 R2.0 (s1700),0,0,False,{},,ingram,358705,,66900,,78344
55202,6697204,ZOTAC GAMING GEFORCE RTX 5050 TWIN Edge,Zotac,ZT-B50500H-10M,306.06,65,Componentes de Sistema,Tarjetas Gráficas AMD,ok,True,1,50,+50,Tarjeta de Video NVIDIA GEFORCE RTX 5050 GAMING TWIN Edge OC,0,0,False,{},,ingram,360891,359990,335900,,351312
55418,6700241,Crucial 4TB T710 SSD,Crucial,CT4000T710SSD8,773.2,12,Dispositivos de Almacenamiento,Discos de Estado Sólido PCIe (SSD),ok,True,1,12,12,Unidad SSD 4TB T710 SSD,0,0,False,{},,ingram,359873,899990,899990,,916800
55201,6697225,ZOTAC GAMING GEFORCE RTX 5060 TWIN Edge,Zotac,ZT-B50600H-10M,417.73,35,Componentes de Sistema,Tarjetas Gráficas AMD,ok,True,1,30,+30,Tarjeta de Video NVIDIA GEFORCE RTX 5060 8GB GAMING TWIN Edge OC,0,0,False,{},,ingram,363611,489990,464526,,484699
56051,6702907,PROYECTOR MX560C 4.000 LUM XGA (1024 X76,Benq,9H.JTE77.1NL,293.57,98,Dispositivos Audio/Video,Proyectores DLP,ok,True,1,50,+50,"Proyector BenQ MX560C, DLP, 4.000 Lúmenes, 4:3",0,0,False,{},,ingram,380075,349990,344990,,347330
56050,6702910,PROYECTOR MW560C 4.000 LUM WXGA (1280X80,Benq,9H.JTD77.1NL,304.29,119,Dispositivos Audio/Video,Proyectores DLP,ok,True,1,100,+100,"Proyector BenQ MW560C, DLP, 4.000 Lúmenes, 16:10, WXGA",0,0,False,{},,ingram,385789,359990,357990,,361203
56184,6704478,ThinkSystem 32GB TruDDR5 5600MHz (2Rx8),Lenovo,4X77A99752,1255.0,5,Componentes de Sistema,Memoria Genérica,ok,True,1,5,5,Memoria Server ThinkSystem 32GB TruDDR5 5600MHz (2Rx8),0,0,False,{},,ingram,388959,1499990,1398272,,1457417
56272,6707129,FORGE K210 W COMBO LS,Msi,S11-43LS201-Y92,21.92,55,Dispositivos de Entrada,Combos Teclado/Mouse,ok,True,1,30,+30,Combo Teclado + Mouse Alámbrico Forge K210,0,0,False,{},,ingram,,,,,
56000,6708597,245 G10 R7 7730U 8GB 512GB 14IN W11H,Hp,AN0Y2LT#ABM,673.64,58,Computadores Servidores y Notebooks,Notebooks,ok,True,1,50,+50,"Notebook HP AMD Ryzen 7 7730U 14"" 8GB 512GB Windows 11 Home AN0Y2LT#ABM",0,0,False,{},,ingram,,,,,
55906,6707694,15-FB3036LA R7-7445H 16GB 1T 15.6IN W11H,Hp,CH8Z6LA#ABM,880.93,68,Computadores Servidores y Notebooks,Notebooks,ok,True,1,50,+50,Notebook Gamer Victus AMD Ryzen 7 7445H NVIDIA RTX 4050 6GB 16GB RAM 1TB SSD Windows 11 Home 15-fb3036la,0,0,False,{},,ingram,,,,,
56366,6708599,240 G10 I3 100U 8GB 256GB 14IN W11H,Hp,C7GR2AT#ABM,432.15,113,Computadores Servidores y Notebooks,Notebooks,ok,True,1,100,+100,"Notebook 240 G10 Intel Core i3-100U 8GB RAM 256GB SSD 14"" Windows 11 Home C7GR2AT#ABM",0,0,False,{},,ingram,,,,,
56821,6708094,VIEWBOARD 33SERIE TOUCHSCREEN 65IN UHD A,Viewsonic,IFP6533-G-B,791.25,41,Dispositivos Audio/Video,Dispositivos Interactivos de Presentació,ok,True,1,30,+30,Pantalla Interactiva Viewsonic IFP6533-G 65“ Touch 4K UHD,0,0,False,{},,ingram,,,,,
56525,6709514,SanDisk Ultra Dual Drive Go USB Type-C 6,Sandisk,SDCZ530-064G-G46,21.38,43,Dispositivos de Almacenamiento,Pendrives y Unidades Flash Portables,ok,True,1,30,+30,Pendrive Extreme Fit 64 GB USB-C,0,0,False,{},,ingram,382083,26990,24850,,26539
55596,6708604,CAMARA MAX2+ACCESSORIOS BUNDLE,Gopro,CHDFZ-311-RW,491.56,124,Cámaras y Escáners,Cámaras Fotográficas Digitales,ok,True,1,100,+100,Cámara GOPRO MAX 2 Accesory Bundle,0,0,False,{},,ingram,,,,,
56534,6709553,TUF GAMING B860-PLUS WIFI,Asus,90MB1JL0-M0EAY0,206.55,44,Componentes de Sistema,Tarjetas Madre Intel,ok,True,1,30,+30,Placa madre Intel TUF GAMING B860-PLUS WIFI,0,0,False,{},,ingram,277396,249990,233587,249990,247981
56775,6709650,IPAD PRO 11 WF CL 256GB SBLK-CHL,Apple,ME2N4CI/A,1336.4,5,Computadores Servidores y Notebooks,Tablets y Tablet PCs,ok,True,1,5,5,"iPad Pro 11"" M5 Wi-Fi + Cellular 256GB Negro Espacial - ME2N4CI/A)",0,0,False,{},,ingram,361381,1519990,1473140,,1555674
56166,6709548,P714 ROG KERIS II WL ACE/BLK,Asus,90MP03N0-BMAA00,85.02,16,Dispositivos de Entrada,Mouse,ok,True,1,21,21,Mouse Inalámbrico ROG Keris II Ace - Negro,0,0,False,{},,ingram,362651,104990,89900,,99911
55804,6720085,LG XBOOM STAGE 301,Lg,STAGE301.ACHLLBK,211.69,27,Dispositivos Audio/Video,"Parlantes, Subwoofers y accesorios",ok,True,1,27,27,LG XBOOM STAGE 301,0,0,False,{},,ingram,,,,,
55780,6720117,THINKVISION T24D-40 23.8 INCH MONITOR,Lenovo,64B9GAR1CL,181.0,119,Pantallas,Monitores LCD/LED,ok,True,1,100,+100,"Monitor ThinkVision T24D-40 23.8"" FHD, IPS, 120Hz ",0,0,False,{},,ingram,360460,214990,208170,,226045
56511,6738200,4TB BLUE 3.5IN SATA HDD RPM 5400,Western Digital,WD40EZZX,106.49,52,Dispositivos de Almacenamiento,Discos Duros SATA,ok,True,1,22,22,Disco Duro Interno 4TB BLUE 3.5 SATA HDD RPM 5400,0,0,False,{},,ingram,391244,129990,118647,,126627
55505,6738289,DOCK TUNDERBOLT 4 100W G6,Hp,9X472UT#ABM,200.8,6,Computadores Servidores y Notebooks,Dockings y Pedestales p/Notebooks,ok,True,1,4,4,Docking Station HP G6 Thunderbolt 4 USB-C 100W,0,0,False,{},,ingram,,,,,
56408,6738290,PROBOOK 4G1A RYZEN 5 230 16GB 512 W11P,Hp,C1HT8LA#ABM,719.79,24,Computadores Servidores y Notebooks,Notebooks,ok,True,1,24,24,"Notebookn HP ProBook 4 G1a AI PC AMD Ryzen 5-230 14"" 16GB 512GB SSD Windows 11 Pro",0,0,False,{},,ingram,,,,,
56258,6738849,MSI MAG A1000GLS PCIE5,Msi,306-7ZPIX12-CE0,101.96,234,Protección Eléctrica y Racks,Componentes UPS,ok,True,1,100,+100,MSI MAG A1000GLS PCIE5,0,0,False,{},,ingram,,,,,
55806,6738877,YOGA R7 32GB 1TB 14IN OLED TOUCH,Lenovo,83JR00ACCL,1073.3,197,Computadores Servidores y Notebooks,Detachables,ok,True,1,100,+100,Notebook Yoga AMD Ryzen AI 7 350 14″ OLED Touch 60Hz 32GB 1TB SSD Windows 11 Home 2-en-1 83JR00ACCL,0,0,False,{},,ingram,381913,1249990,1099990,,1260573
54319,6738880,LOQ E R7 16GB 512GB 15.6IN FHD RTX5060,Lenovo,83JG0019CL,1284.8,1147,Computadores Servidores y Notebooks,Notebooks,ok,True,1,100,+100,"Notebook Gamer AI PC LOQ Gen 10 AMD Ryzen 7-250 NVIDIA GeForce RTX 5060 15.6"" FHD 144Hz 16GB RAM 512GB Windows 11 Home Luna Grey 83JG0019CL",0,0,False,{},,ingram,279354,1454990,1277990,1299990,1408768
55812,6739197,ESSENTIAL WIRED KEYBOARD BLACK SPANISH,Lenovo,4Y41R64657,10.65,102,Dispositivos de Entrada,Teclados,ok,True,1,100,+100,Teclado Alámbrico Essential - Negro,0,0,False,{},,ingram,381033,13990,13451,,15462
55816,6739202,ESSENTIAL USB MOUSE,Lenovo,4Y50R20863,5.89,140,Dispositivos de Entrada,Mouse,ok,True,1,100,+100,Mouse Alámbrico Essential - Negro,0,0,False,{},,ingram,72751,8990,5990,,8234
55830,6739198,THINKVISION S27-4E 27 INCH MONITOR,Lenovo,64BEKAR1CL,95.82,98,Pantallas,Monitores LCD/LED,ok,True,1,50,+50,"Monitor Lenovo Thinkvision 27"" S27-4E ",0,0,False,{},,ingram,384655,114990,110202,114990,126582
56551,6746628,DS-1730 FLATBED SCANNER w/ADF,Epson,B11B273201,378.05,4,Cámaras y Escáners,Escáners para el Hogar/Oficina,ok,True,1,4,4,Escaner DS-1730 ADF,0,0,False,{},,ingram,,,,,
56338,6750445,ELITE 490 White - 3x ARGB Fans,Cooler Master,E490-WHNN-S00,45.21,21,Componentes de Sistema,Componentes de Gabinete,ok,True,1,20,20,Gabinete mATX ELITE 490 White - 3x ARGB Fans,0,0,False,{},,ingram,376528,54990,47980,,53890
56334,6750444,Qube 540 Stardust Iron,Cooler Master,Q540-MGNN-S00,44.02,7,Componentes de Sistema,Componentes de Gabinete,ok,True,1,6,6,Qube 540 Stardust Iron,0,0,False,{},,ingram,377908,,49200,,53953
56339,6750446,ELITE GOLD 650 FM A/WO cord,Cooler Master,MPX-6505-AFAG-BWO,67.39,64,Componentes de Sistema,Fuentes de Poder para Gabinetes Específi,ok,True,1,50,+50,ELITE GOLD 650 FM A/WO cord,0,0,False,{},,ingram,,,,,
56341,6750448,Elite 502 ARGB fan 3,Cooler Master,E502-KGNN-S00,54.73,50,Componentes de Sistema,Componentes de Gabinete,ok,True,1,30,+30,Elite 502 ARGB fan 3,0,0,False,{},,ingram,360576,69990,60990,,69315
56372,6750449,ELITE GOLD 850 FM A/WO cord,Cooler Master,MPX-8505-AFAG-BWO,74.6,140,Componentes de Sistema,Fuentes de Poder para Gabinetes Específi,ok,True,1,100,+100,ELITE GOLD 850 FM A/WO cord,0,0,False,{},,ingram,,,,,
56373,6750450,ELITE 490 - 3x ARGB Fans,Cooler Master,E490-KHNN-S00,41.64,17,Componentes de Sistema,Componentes de Gabinete,ok,True,1,11,11,ELITE 490 - 3x ARGB Fans,0,0,False,{},,ingram,387325,49990,44990,49990,50785
56375,6750452,Hyper 212 3DHP BLACK ARGB,Cooler Master,MAY-T2HP-217PA-R1,27.37,53,Componentes de Sistema,Fuentes de Poder para Gabinetes Específi,ok,True,1,30,+30,Hyper 212 3DHP BLACK ARGB,0,0,False,{},,ingram,387404,32990,30990,32990,33104
56377,6750454,CryoFuze 5 Cian,Cooler Master,MGY-ADSG-N03G-R1,7.13,150,Computadores Servidores y Notebooks,Componentes Terminales,ok,True,1,100,+100,CryoFuze 5 Cian,0,0,False,{},,ingram,,,,,
56376,6750453,ELITE GOLD 750 FM A/WO cord,Cooler Master,MPX-7505-AFAG-BWO,69.8,28,Componentes de Sistema,Fuentes de Poder para Gabinetes Específi,ok,True,1,23,23,ELITE GOLD 750 FM A/WO cord,0,0,False,{},,ingram,,,,,
56378,6750455,Elite 502 White ARGB fan 3,Cooler Master,E502-WGNN-S00,57.1,12,Componentes de Sistema,Componentes de Gabinete,ok,True,1,12,12,Elite 502 White ARGB fan 3,0,0,False,{},,ingram,360577,69990,63990,69990,70423
56259,6759795,PRO A620AM-B EVO,Msi,911-7E36-002,67.13,548,Componentes de Sistema,Tarjetas Madre AMD,ok,True,1,100,+100,Placa Madre AMD PRO A620AM-B EVO (sAM5),0,0,False,{},,ingram,,,,,
56528,6758411,AMD RYZEN 7 9850X3D 8 CORE PROCESSOR,Amd,100-100001973WOF,517.02,11,Componentes de Sistema,Procesadores AMD,ok,True,1,6,6,CPU AMD Ryzen 7 9850X3D,0,0,False,{},,ingram,382839,599990,519990,549900,576670
56781,6761183,B1503CVAS76946X 5-210 15.6 512G 16G W11P,Asus,90NX0801-M07VY0,782.06,32,Computadores Servidores y Notebooks,Notebooks,ok,True,1,29,29,"Notebook ExpertBook B1 Intel Core 5 210H 15.6"" 16GB RAM 512GB SSD Windows 11 Pro B1503CVA-S76946X ",0,0,False,{},,ingram,385685,909990,888900,,900960
54707,6763313,DUAL-RX9060XT-16G,Asus,90YV0LG2-M0AA00,496.05,417,Componentes de Sistema,Tarjetas Gráficas AMD,ok,True,1,100,+100,Tarjeta de Video AMD DUAL RX9060XT 16G,0,0,False,{},,ingram,,,,,
56506,6764208,SSD WD Black SN8100 1 TB NVMe,Sandisk,WDS100T1X0M,518.46,30,Dispositivos de Almacenamiento,Discos de Estado Sólido PCIe (SSD),ok,True,1,30,+30,Unidad SSD 1TB WD Black SN8100 NVMe,0,0,False,{},,ingram,358677,399990,380007,,407302
55180,6764206,SSD Wd Green de 500 GB SATA3 2.5,Sandisk,WDS500G5G0A,122.55,467,Dispositivos de Almacenamiento,Discos de Estado Sólido SATA (SSD),ok,True,1,100,+100,Unidad SSD 500GB Green Sata 2.5,0,0,False,{},,ingram,361283,144990,127680,,139280
55179,6764216,SSD Wd Green de 250 GB SATA3 2.5,Sandisk,WDS250G5G0A,74.33,243,Dispositivos de Almacenamiento,Discos de Estado Sólido SATA (SSD),ok,True,1,100,+100,Unidad SSD 250GB Green Sata 2.5,0,0,False,{},,ingram,363645,89990,82816,,87614
47674,6764228,SSD WD Black SN850X 1 TB NVMe,Sandisk,WDS100T2XHE,473.57,32,Dispositivos de Almacenamiento,Discos de Estado Sólido PCIe (SSD),ok,True,1,27,27,Unidad SSD 1TB PCIe NVMe Gen4 M.2 SN850X Black (w/ Heatsink),0,0,False,{},,ingram,152859,234990,219990,,233057
55188,6764219,SSD WD Black SN7100 1 TB NVMe,Sandisk,WDS100T4X0E,348.33,71,Dispositivos de Almacenamiento,Discos de Estado Sólido PCIe (SSD),ok,True,1,50,+50,Unidad SSD 1TB SN7100 NVMe SSD Black NVMe Gamer,0,0,False,{},,ingram,279805,204990,192627,,226003
55186,6764232,SSD Wd Green SN3000 1 TB NVMe,Sandisk,WDS100T4G0E,322.9,146,Dispositivos de Almacenamiento,Discos de Estado Sólido PCIe (SSD),ok,True,1,100,+100,Unidad SSD 1TB SN3000 NVMe SSD Green NVMe Performance,0,0,False,{},,ingram,361011,189990,139900,,201069
55904,6765562,15-FB3018LA R7-7445H 8G 512G 15.6IN W11H,Hp,BT4F5LA#ABM,713.31,88,Computadores Servidores y Notebooks,Notebooks,ok,True,1,50,+50,"Notebook Gamer Victus 15 AMD Ryzen 7 NVIDIA RTX 3050 15.6"" 144Hz 8GB RAM 512GB SSD Windows 11 Home Silver 15-fb3018la",0,0,False,{},,ingram,,,,,
56736,6765563,15-FC0281LA R7-7730U 16G 1TB 15.6IN W11H,Hp,BM7Q9LA#ABM,624.86,31,Computadores Servidores y Notebooks,Notebooks,ok,True,1,29,29,"Notebook HP 15-fc0281la AMD Ryzen 7  16GB RAM 1TB SSD 15.6"" Windows 11 Home",0,0,False,{},,ingram,,,,,
55409,6765564,15-FB3032LA R5-7535HS 8G 512G 15.6 W11H,Hp,CG3N4LA#ABM,684.82,1188,Computadores Servidores y Notebooks,Notebooks,ok,True,1,100,+100,"Notebook Gamer HP VICTUS 15-fb3032la AMD Ryzen 5 7535HS NVIDIA GeForce RTX 3050 8GB 15.6"" 8GB RAM 512GB SSD Windows 11 Home Negro",0,0,False,{},,ingram,,,,,
47673,6764233,SSD WD Black SN850X 1 TB NVMe,Sandisk,WDS100T2X0E,450.82,79,Dispositivos de Almacenamiento,Discos de Estado Sólido PCIe (SSD),ok,True,1,50,+50,Unidad SSD 1TB PCIe NVMe Gen4 M.2 SN850X Black,0,0,False,{},,ingram,152860,219990,208359,,280405
56495,6765567,MAXIFY GX6110,Canon,6882C004,358.41,35,Impresoras,Multifuncionales Inkjet,ok,True,1,50,+50,Multifuncional Tinta Continua Maxify GX-6110 WiFi / Ethernet ,0,0,False,{},,ingram,375189,419990,389990,439990,420533
55899,6765565,15-FD0274LA I7-1355U 16G 512G 15.6 W11H,Hp,B9TY9LA#ABM,625.19,704,Computadores Servidores y Notebooks,Notebooks,ok,True,1,100,+100,"Notebook 15-fd0274la Intel Core i7-1355U 15.6"" 16GB 512GB SSD Windows 11 Home Warm Gold B9TY9LA",0,0,False,{},,ingram,,,,,
56115,6767065,LG XBOOM BOCINA BLUETOOTH PORT 30W 20H,Lg,GRAB.AMEXLBK,99.29,548,Comunicaciones,Parlantes y Parlantes-Docking,ok,True,1,100,+100,Parlante Portatil LG xboom Grab - Negro,0,0,False,{},,ingram,,,,,
56868,6769834,Monitor 24 1080p Ergonomic 120Hz HDMI VG,Viewsonic,VA2448-MHJ,93.64,21,Pantallas,Monitores LCD/LED,ok,True,1,21,21,Monitor 24 1080p Ergonomic 120Hz HDMI VG,0,0,False,{},,ingram,385660,119990,111080,,188004
55905,6777569,15-FB3026LA R7-7445H 16G 512 15.6IN W11H,Hp,BV5C6LA#AKH,757.44,118,Computadores Servidores y Notebooks,Notebooks,ok,True,1,100,+100,Notebook Gamer Victus AMD Ryzen 7 7445H NVIDIA RTX 3050 4GB 16GB RAM 512GB SSD Windows 11 Home 15-fb3026la ,0,0,False,{},,ingram,,,,,
55896,6777571,PAVILION PLUS 32-C0001LA 16GB 1TB W11H,Hp,B2CD5LA#ABM,1002.7,38,Computadores Servidores y Notebooks,Notebooks,ok,True,1,30,+30,"All-in-one HP OmniStudio X Intel Core Ultra 7 31.5"" 60Hz 16GB 1TB SSD Windows 11 Home Silver B2CD5LA",0,0,False,{},,ingram,,,,,
56583,6781741,IMPRESORA PORTATIL TR 160 INALAMBRICA,Canon,4793V537,268.48,24,Impresoras,Impresoras de Inyección de Tinta,ok,True,1,23,23,"Impresora TR160 Kit Portátil Wi-Fi, Direct Wireless, USB",0,0,False,{},,ingram,367036,309990,279990,309990,310502
56262,6781733,RTX 5070 12G VENTUS 3X OC,Msi,912-V532-207,679.71,23,Componentes de Sistema,Tarjetas Gráficas nVidia,ok,True,1,14,14,Tarjeta de Video Nvidia Geforce RTX 5070 12G VENTUS 3X OC,0,0,False,{},,ingram,,,,,
56260,6781688,Placa madre B840 GAMING PLUS WIFI,Msi,911-7E57-002,166.15,7,Componentes de Sistema,Tarjetas Madre AMD,ok,True,1,4,4,Placa Madre AMD B840 GAMING PLUS WIFI (sAM5),0,0,False,{},,ingram,,,,,
56784,6782253,HP OMEN 27 FHD 180 HZ,Hp,AV4K1AA#AKH,210.19,691,Pantallas,Monitores LCD/LED,ok,True,1,100,+100,"Monitor HP OMEN G2 27"" FHD 180Hz, Panel IPS",0,0,False,{},,ingram,,,,,
56159,6785308,AP-850G PSU NORTH AMERICA,Asus,90YE00U0-B0SA00,92.86,151,Componentes de Sistema,Fuentes de Poder para Gabinetes Específi,ok,True,1,100,+100,AP-850G PSU NORTH AMERICA,0,0,False,{},,ingram,,,,,
56205,6784253,MAXIFY GX7110,Canon,6880C005,399.14,90,Impresoras,Multifuncionales Inkjet,ok,True,1,50,+50,Multifuncional Tinta Continua Maxify GX-7110 WiFi / Ethernet / ADF,0,0,False,{},,ingram,381047,479990,429990,479990,464449
56158,6785307,ROG THOR 1600W Titanium III,Asus,90YE00V1-B0SA00,673.71,20,Componentes de Sistema,Fuentes de Poder para Gabinetes Específi,ok,True,1,19,19,Fuente de Poder ROG THOR 1600W Titanium III,0,0,False,{},,ingram,,,,,
56162,6785311,ROG Thor 1200W Platinum III,Asus,90YE00V2-B0SA00,378.24,26,Componentes de Sistema,Fuentes de Poder para Gabinetes Específi,ok,True,1,26,26,Fuente de Poder ROG Thor 1200W Platinum III,0,0,False,{},,ingram,,,,,
56160,6785309,TUF Gaming 1000W Gold,Asus,90YE00S1-B0SA00,133.36,20,Componentes de Sistema,Fuentes de Poder para Gabinetes Específi,ok,True,1,18,18,TUF Gaming 1000W Gold,0,0,False,{},,ingram,,,,,
56161,6785310,ROG STRIX 1000W Platinum,Asus,90YE00W1-B0SA00,182.8,46,Componentes de Sistema,Fuentes de Poder para Gabinetes Específi,ok,True,1,30,+30,Fuente de Poder ROG STRIX 1000W Platinum,0,0,False,{},,ingram,,,,,
56197,6785313,ADATA DDR5 U-DIMM 8GB 5600 BLACK,Adata Technology,AX5U5600C468G-SLABBK,127.35,550,Componentes de Sistema,Memoria Genérica,ok,True,1,100,+100,Memoria RAM DDR5 8GB 5600 MHz UDIMM BLACK,0,0,False,{},,ingram,266857,149990,135900,149990,150067
56163,6785312,TUF Gaming 850W Gold,Asus,90YE00S2-B0SA00,108.07,87,Componentes de Sistema,Fuentes de Poder para Gabinetes Específi,ok,True,1,50,+50,TUF Gaming 850W Gold,0,0,False,{},,ingram,,,,,
56193,6785314,ADATA DDR5 U-DIMM 8GB 5600 BLACK,Adata Technology,AX5U5600C468G-SLABRBK,125.33,288,Componentes de Sistema,Memoria Genérica,ok,True,1,100,+100,Memoria RAM DDR5 8GB 5600 MHz UDIMM BLACK,0,0,False,{},,ingram,266685,149990,139900,,149527
56198,6785316,ADATA DDR5 U-DIMM 8GB 5600 WHITE,Adata Technology,AX5U5600C468G-SLABWH,122.74,85,Componentes de Sistema,Memoria Genérica,ok,True,1,50,+50,Memoria RAM DDR5 8GB 5600 MHz UDIMM WHITE,0,0,False,{},,ingram,382834,149990,135500,,146854
56194,6785315,ADATA DDR5 U-DIMM 8GB 5600 WHITE,Adata Technology,AX5U5600C468G-SLABRWH,125.33,185,Componentes de Sistema,Memoria Genérica,ok,True,1,100,+100,Memoria RAM DDR5 8GB 5600 MHz UDIMM White,0,0,False,{},,ingram,382835,149990,134900,,150154
56199,6785317,ADATA DDR5 U-DIMM 8GB 5600 SINGLE TRAY,Adata Technology,AD5U56008G-S,115.95,375,Componentes de Sistema,Memoria Genérica,ok,True,1,100,+100,Memoria RAM DDR5 8GB 5600 MHz UDIMM ,0,0,False,{},,ingram,201336,134990,113990,,140743
56263,6786080,MAG A650BN PCIE5 III,Msi,306-7ZPTY23-HD8,47.61,145,Componentes de Sistema,Fuentes de Poder para Computadores Espec,ok,True,1,100,+100,MAG A650BN PCIE5 III,0,0,False,{},,ingram,,,,,
56164,6785584,TUF-GAMING-750G 80+GOLD PSU,Asus,90YE00S3-B0SA00,96.57,34,Componentes de Sistema,Fuentes de Poder Genéricas,ok,True,1,30,+30,TUF-GAMING-750G 80+GOLD PSU,0,0,False,{},,ingram,,,,,
56776,6788484,THINKPAD T14 G6 R5 AI PRO340 16 512 W11P,Lenovo,21QK001HCL,1256.4,90,Computadores Servidores y Notebooks,Notebooks,ok,True,1,50,+50,"Notebook ThinkPad T14 G6 AMD Ryzen AI 5 PRO 340 14"" 16GB RAM 512GB SSD Windows 11 Pro",0,0,False,{},,ingram,395767,1479990,1455752,,1473136
56264,6789820,B860M GAMING PLUS WIFI,Msi,911-7E42-009,177.62,36,Componentes de Sistema,Tarjetas Madre Intel,ok,True,1,30,+30,Placa Madre Intel B860M GAMING PLUS WIFI (s1851),0,0,False,{},,ingram,,,,,
56265,6789821,A520M-A PRO MOTHERBOARD,Msi,911-7C96-052,45.84,13,Componentes de Sistema,Tarjetas Madre AMD,ok,True,1,1,1,Placa Madre AMD A520M-A PRO (AM4),0,0,False,{},,ingram,,,,,
56271,6791903,PRO B840M-B,Msi,911-7E76-002,81.67,15,Componentes de Sistema,Tarjetas Madre AMD,ok,True,1,5,5,Placa Madre AMD PRO B840M-B (sAM5),0,0,False,{},,ingram,,,,,
56268,6791898,MPG CORELIQUID P13 360,Msi,306-7ZWGA14-L80,145.41,13,Componentes de Sistema,Componentes de Tarjetas Madre,ok,True,1,13,13,Refrigeracion Liquida MPG CORELIQUID P13 360,0,0,False,{},,ingram,354526,169990,149900,,169380
56288,6796955,MBA 13.6 SLV/8C GPU/16GB/512GB - PLATA,Apple,MDH74CI/A,1134.0,1,Computadores Servidores y Notebooks,Notebooks,ok,True,1,20,20,"MacBook Air 13.6"" (Chip M5 CPU 10 núcleos GPU 8 núcleos, 16GB RAM, 512GB SSD) - Color Plata MDH74CI/A",0,0,False,{},,ingram,383709,1299990,1179990,1299990,1302978
56742,6801838,15-FN0053LA AMD R5 330 16G 512G 15.6 W11,Hp,CU9S3LA#ABM,642.48,673,Computadores Servidores y Notebooks,Notebooks,ok,True,1,100,+100,"Notebook HP OmniBook 3 Next Gen AI 15-fn0053la AMD Ryzen AI 5 16GB RAM 512GB SSD 15.6"" Windows 11 Home",0,0,False,{},,ingram,,,,,
56743,6801839,14-HU0050LA I5 120U 8GB 512 14IN 2K W11H,Hp,D4EU0LA#ABM,596.17,3049,Computadores Servidores y Notebooks,Notebooks,ok,True,1,100,+100,"Notebook HP OmniBook 3 14-hu0050la Intel Core 5 8GB RAM 512GB SSD 14"" 2K Windows 11 Home",0,0,False,{},,ingram,,,,,
56774,6804905,DELL PRO MICRO QCM1250 CORE U7 265T 16GB,Dell,RM6YP,1317.0,200,Computadores Servidores y Notebooks,Computadores Small Form/Ultra Slim,ok,True,1,100,+100,Desktop Pro Micro Intel Ultra 7 265T 16GB RAM 512GB SSD Windows 11 Pro QCM1250  ,0,0,False,{},,ingram,,,,,
56715,6804906,DELL PRO QC24251 I5RPLR16512WPSR 3W,Dell,8JR53,1235.6,199,Computadores Servidores y Notebooks,Computadores con Monitor integrado,ok,True,1,100,+100,"All in One Dell Pro Intel Core i5 14500T 23.8"" 16GB RAM 512GB SSD Windows 11 Pro QC24251 ",0,0,False,{},,ingram,393922,1449990,1436003,,1466467
56779,6804908,DELL PRO MICRO QCM1250 COR U5 235T 16GB,Dell,4CFWW,1084.6,100,Computadores Servidores y Notebooks,Computadores Small Form/Ultra Slim,ok,True,1,100,+100,Desktop Pro Micro Intel Ultra 5 235T 16GB RAM 512GB SSD Windows 11 Pro,0,0,False,{},,ingram,,,,,
56739,6805010,15-FC0287LA R7 7730U 8G 512GB 15.6 W11H,Hp,C92PXLA#ABM,611.12,949,Computadores Servidores y Notebooks,Notebooks,ok,True,1,100,+100,"Notebook HP 15-FC0287LA AMD Ryzen 7 8GB RAM 512GB SSD 15.6"" Windows 11 Home",0,0,False,{},,ingram,,,,,
56421,6805280,ThinkStation P2 TWR I714700 16G x1 W11P,Lenovo,30FS000PLM,1788.5,3,Computadores Servidores y Notebooks,Workstations,ok,True,1,3,3,Desktop ThinkStation P2 Intel Core i7-14700 16GB RAM 1TB SSD 3YOS Windows 11 Pro,0,0,False,{},,ingram,,,,,
56369,6805745,NB TP L14 AMD G4 R7_PRO 16G 512G 11P,Lenovo,21H6S58W00,946.88,64,Computadores Servidores y Notebooks,Notebooks,ok,True,1,30,+30,Notebook ThinkPad L14 Gen 4 AMD Ryzen 7 PRO 7730U 16GB RAM 512GB SSD Windows 11 Pro,0,0,False,{},,ingram,388675,1119990,1071712,,1120159
56523,6805742,NB TP T14 AMD G4 R5_PRO 32G 512G 11P,Lenovo,21K4S4EU00,1262.5,32,Computadores Servidores y Notebooks,Notebooks,ok,True,1,30,+30,Lenovo ThinkPad T14 Gen 4 AMD Ryzen 5 PRO 32GB 512GB Windows 11 Pro,0,0,False,{},,ingram,391088,1469990,1428956,,1470268
56454,6805750,ThinkStation P5 W32425 32G x1 W11PWS,Lenovo,30G9S81000,3792.1,4,Computadores Servidores y Notebooks,Workstations,ok,True,1,4,4,Desktop Workstation ThinkStation P5 Intel Xeon W3-2425 32GB RAM 512GB SSD NVIDIA RTX 2000 Ada 16GB Windows 11 Pro ,0,0,False,{},,ingram,,,,,
56414,6805639,NB TP ThinkPad X9-15 G1 U7 32G 1T 11P,Lenovo,21Q6004KCL,1809.6,12,Computadores Servidores y Notebooks,Notebooks,ok,True,1,12,12,"Lenovo ThinkPad X9-14 Gen 1 Intel Core Ultra 7-258V 15,3"" OLED 32GB 1T SSD Windows 11 Pro",0,0,False,{},,ingram,267399,2099990,1752990,,2016846
56667,6808526,ASUS COBBLE GRAY G AS ESDA1A,Asus,90DD02R6-M08000,23.64,110,Dispositivos de Almacenamiento,Racks Discos,ok,True,1,100,+100,Cofre M.2 NVME PCI-E SSD Enclosure Cobble,0,0,False,{},,ingram,,,,,
56388,6805751,NB WS P1 G7 ULT7 1T 11P RTX2000Ada,Lenovo,21KV003PCL,2526.0,6,Computadores Servidores y Notebooks,nan,ok,True,1,6,6,"Notebook WorkStation P1 Gen7 Intel Ultra 7 155H 16"" 32GB RAM 1TB SSD NVIDIA RTX 2000 8GB Windows 11 Pro ",0,0,False,{},,ingram,292901,2959990,2453990,,2923252
56724,6808663,EB X G1I ULTRA 7 258V 32GB 1TB SSD W11P,Hp,D66U7AT#ABM,1983.0,3,Computadores Servidores y Notebooks,Notebooks,ok,True,1,2,2,"Notebook EliteBook X G1i Intel Ultra 7 258V 32GB RAM 1TB SSD 14"" Touch Windows 11 Pro",0,0,False,{},,ingram,,,,,
56712,6808665,EB X G1A RYZEN AI 7 PRO 360 32GB 1T W11P,Hp,D66U4AT#ABM,2595.9,17,Computadores Servidores y Notebooks,Notebooks,ok,True,1,17,17,"Notebook EliteBook X G1a 14"" AMD Ryzen AI 7 PRO 360 32GB RAM 1TB SSD Windows 11 Pro",0,0,False,{},,ingram,,,,,
56725,6808670,EB 8 G1I ULTRA 7 258V 32GB 1TB SSD W11P,Hp,D66VJLT#ABM,1565.3,235,Computadores Servidores y Notebooks,Notebooks,ok,True,1,100,+100,"Notebook EliteBook 8 G1i Intel Ultra 7 258V 32GB RAM 1TB SSD 14"" Touch Windows 11 Pro",0,0,False,{},,ingram,,,,,
56714,6813916,DELL OPTIPLEX 7040 QC24151 U5 235T W11P,Dell,4HPF7,1261.6,48,Computadores Servidores y Notebooks,Computadores con Monitor integrado,ok,True,1,30,+30,"All in One Dell Pro Intel Ultra 5 235T 23.8"" 16GB RAM 512GB SSD Windows 11 Pro QC24251 ",0,0,False,{},,ingram,392904,1469990,1456408,,1492412
56734,6814006,15-FA2009LA I5-13420H 8GB 512GB 15.6IN,Hp,BA1U1LA#ABM,1028.2,900,Computadores Servidores y Notebooks,Notebooks,ok,True,1,100,+100,"Notebook Gamer HP Victus 15-fa2009la Intel Core i5 8GB RAM NVIDIA GeForce RTX 3050 512GB SSD 15.6"" 144Hz Windows 11 Home",0,0,False,{},,ingram,,,,,
56744,6813928,15-fc0372la-R7-16GB-512GB-W11-IPS-15.6in,Hp,D5MN2LA#ABM,689.27,993,Computadores Servidores y Notebooks,Notebooks,ok,True,1,100,+100,"Notebook HP 15-fc0372la AMD Ryzen 7 16GB RAM 512GB SSD 15,6"" Windows 11 Home",0,0,False,{},,ingram,,,,,
1414,2396957,CARTUCHO DE TINTA CL-41 COLOR,Canon,0617B050,20.91,50,Suministros y Medios,Suministros Láser,ok,True,1,50,+50,Cartucho de Tinta Original Canon CL-41 Color,0,0,False,{},,ingram,260271,26990,23990,25990,26205
17148,2470847,CARTUCHO TINTA HP 971 AMARILLO 2500 PÃG,Hp,CN624AM,87.17,7,Suministros y Medios,Suministros Inyección de Tinta,ok,True,1,7,7,Cartucho de Tinta Original HP 971 Amarillo ,0,0,False,{},,,259788,104990,80990,,103710
9470,3114254,Caja DaÃ±ada HP 128A Negro,Hp,CE320A,78.55,1,Suministros y Medios,Suministros Láser,ok,True,1,30,+30,Toner  Original HP 128A Negro,0,0,False,{},,ingram,260520,109990,89131,,99481
46703,5264884,HP 14 ReversP Blk/Slv Sleeve,Hp,2F2J1AA,7.98,1134,Computadores Servidores y Notebooks,Bolsos y Mochilas p/Notebooks,ok,True,1,100,+100,"Funda para Notebook Reversible 14"" - Negro/Plata",0,0,False,{},,ingram,,,,,
47615,5677907,MOUSE BLUETOOTH 240 RED,Hp,43N05AA#ABM,9.75,49,Dispositivos de Entrada,Mouse,ok,True,1,100,+100,Mouse Inalámbrico 240 - Rojo,0,0,False,{},,ingram,,,,,
52233,6107338,MEMORY 8GB DDR4 3200 UDIMM BLACK D35G,Adata Technology,AX4U32008G16A-SBKD35G,80.75,499,Dispositivos de Almacenamiento,Tarjetas de Memoria Flash,ok,True,1,100,+100,DDR4 8GB 3200MHz D35G RGB,0,0,False,{},,ingram,213783,94990,69800,,83007
51417,6119329,CAMPUS XL MARBLE STONE BACKPACK 20L,Hp,7J592AA,24.0,24,Computadores Servidores y Notebooks,Bolsos y Mochilas p/Notebooks,ok,True,1,24,24,"Mochila para Notebooks Stone 16.1"" - Negro Mármol",0,0,False,{},,,,,,,
46704,6291424,15 REVERSP BLK/SLV SLEEVE,Hp,2F2K5AA,11.8,44,Computadores Servidores y Notebooks,Bolsos y Mochilas p/Notebooks,ok,True,1,100,+100,"Funda Protectora Reversible para Notebook 15"" Negro/Plata",0,0,False,{},,ingram,,,,,
55990,6293040,16-AC0000LA X360 U7 1TB SSD W11H,Hp,A1UD6LA#ABM,1467.0,2,Computadores Servidores y Notebooks,Notebooks,ok,True,1,2,2,"Notebook ENVY x360 2-en-1 Intel Core Ultra 7 16"" 32GB 1TB SSD Windows 11 Home A1UD6LA",0,0,False,{},,,,,,,
56784,6645556,HP OMEN 27 FHD 180 HZ,Hp,AV4K1AA#AKH,189.06,260,Pantallas,Monitores LCD/LED,ok,True,1,100,+100,"Monitor HP OMEN G2 27"" FHD 180Hz, Panel IPS",0,0,False,{},,ingram,,,,,
54883,6681009,CAMARA GOPRO MAX 2,Gopro,CHDHZ-311-RW,450.66,144,Cámaras y Escáners,Cámaras de Video Digital,ok,True,1,100,+100,Cámara GoPro MAX 2 360 Black,0,0,False,{},,,,,,,
56876,6808999,PROBOOK 4 G2I U7 256V 16GB 512SSD W11P,Hp,D9PZ1AT#ABM,1114.1,426,Computadores Servidores y Notebooks,Notebooks,ok,True,1,100,+100,"Notebook ProBook 4 G2iR Intel Ultra 7 256V 14"" 16GB RAM 512GB SSD Windows 11 Pro",0,0,False,{},,,,,,,
56875,6827190,EB6 G1A AI RAI 7-350 14 32GB 512GB,Hp,DB9R2LT#ABM,1600.1,102,Computadores Servidores y Notebooks,Notebooks,ok,True,1,100,+100,"Notebook EliteBook AMD Ryzen AI 7 350 14"" 32GB RAM 512GB SSD Windows 11 Pro",0,0,False,{},,,,,,,
56877,6827187,PB4 G1A AI R7-250 16 16GB 512GB,Hp,D6UA1AT#ABM,1104.1,204,Computadores Servidores y Notebooks,Notebooks,ok,True,1,100,+100,"Notebook ProBook 4 AIG1a AMD Ryzen 7 250 16"" 16GB RAM 512GB SSD Windows 11 Pro",0,0,False,{},,,,,,,
56874,6827193,EBX G1A AI RAI 9-HXP375 14 32GB 1TB,Hp,DB9M2LT#ABM,2391.8,20,Computadores Servidores y Notebooks,Notebooks,ok,True,1,20,20,"Notebook EliteBook X G1a AMD Ryzen AI 9 HX PRO 375 14"" 32GB RAM 1TB SSD Windows 11 Pro",0,0,False,{},,,,,,,
56878,6827201,PRODESK 4 MINI G1I U5-225T 16GB 512GB,Hp,DE3U2LA#ABM,1001.5,75,Computadores Servidores y Notebooks,Computadores Small Form/Ultra Slim,ok,True,1,50,+50,Desktop ProDesk 4 AI G1i Intel Ultra 5 225T 16GB RAM 512GB SSD Windows 11 Pro,0,0,False,{},,,,,,,
47955,6850408,HYPERX CLOUD STINGER CORE 2,Hp,683L9AA,39.14,10,Comunicaciones,Headsets Alámbricos p/celulares,ok,True,1,1,1,"Audífono Gamer HyperX Cloud Stinger Core 2, Sonido Estéreo, Conexión 3.5mm, 2 gen, Negro",0,0,False,{},,ingram,193777,34990,27990,34990,34551
